shapeID,name,sol,pop,area_km2,parent,sol_0,growth,abs_change,growth_2dates,period_growth,trend_growth,trend_lo,trend_hi,trend_p,trend_n,z_robust,eligible,z_signal,flag
37247803B47496652532681,10 Ramadan 1,352.435,69286.8,17.1666,Cairo Governorate,241.713,0.0564431,110.722,0.0427919,0.0564431,0.0612753,0.0404787,0.0892115,0.00221285,10,2.04716,True,2.04716,within normal range · dans la plage normale
37247803B93568001164514,10 Ramadan 2,367.634,89041.9,23.1696,Cairo Governorate,253.776,0.0584968,113.858,0.0420416,0.0584968,0.0542746,0.0154685,0.0809594,0.00914848,10,2.10863,True,2.10863,within normal range · dans la plage normale
37247803B58448533869188,15 Mayu,1833.1,96274.8,80.1183,Cairo Governorate,1171.3,0.0863876,661.798,0.0510249,0.0863876,0.0947314,0.0430864,0.145377,0.00221285,10,2.94354,True,2.94354,significant gain · hausse significative
37247803B48784531357995,6 October-1,3016.39,59887.7,32.6935,Giza Governorate,2316.39,0.0384419,699.997,0.0297735,0.0384419,0.0326184,0.0153436,0.0547222,0.00914848,10,1.50829,True,1.50829,within normal range · dans la plage normale
37247803B57962000824705,6 October-2,4839.25,175484,52.5068,Giza Governorate,3799.08,0.0303429,1040.18,0.0272539,0.0303429,0.0285262,0.0171318,0.0455164,0.00468695,10,1.26585,True,1.26585,within normal range · dans la plage normale
37247803B63195966732086,A-Dakhla Oasis,2998.77,102957,267420,New Valley Governorate,2258.28,0.0367072,740.487,0.0320126,0.0367072,0.0422775,0.0191992,0.0639544,0.00468695,10,1.45637,True,1.45637,within normal range · dans la plage normale
37247803B27556754464057,A L Labban,73.8222,42853.1,0.849694,Alexandria Governorate,99.4159,-0.0416305,-25.5937,-0.0325316,-0.0416305,-0.0464429,-0.0784056,-0.0149594,0.0466226,10,-0.88866,False,,low initial base · base initiale trop faible
37247803B10880133914548,Abdin,207.097,42158.1,1.71969,Cairo Governorate,218.22,-0.00744539,-11.1222,-0.00579566,-0.00744539,-0.00245973,-0.00882558,0,0.0671347,10,0.134664,True,0.134664,within normal range · dans la plage normale
37247803B63981628133809,Abnub,1335.23,395393,132.409,Asyut Governorate,1525.9,-0.0270341,-190.669,-0.0147217,-0.0270341,-0.0243442,-0.0333712,-0.00644867,0.0286095,10,-0.451722,True,-0.451722,within normal range · dans la plage normale
37247803B53826434992934,Abour,1022.57,40678.5,13.7328,Qalyubia Governorate,755.038,0.0355653,267.529,0.0342746,0.0355653,0.0241876,0.0133407,0.0416146,2.97619e-05,10,1.42218,True,1.42218,within normal range · dans la plage normale
37247803B9213477235230,Abshaway,2036.64,415847,163.596,Faiyum Governorate,2212.06,-0.014254,-175.424,-0.0091385,-0.014254,-0.0115659,-0.0166304,-0.00393315,0.0466226,10,-0.06915,True,-0.06915,within normal range · dans la plage normale
37247803B42865985960585,Abu-l-Matamir,7968.9,514521,1596.5,Beheira Governorate,7656.73,-0.00402104,312.176,0.00445012,-0.00402104,-0.00137672,-0.0127813,0.0072167,0.72749,10,0.237171,True,0.237171,within normal range · dans la plage normale
37247803B30253280006981,Abu Hammad,2279.34,445145,260.967,Al Sharqia Governorate,2854,-0.0313391,-574.665,-0.0246725,-0.0313391,-0.0275551,-0.042131,-0.0166618,0.00221285,10,-0.580592,True,-0.580592,within normal range · dans la plage normale
37247803B15817250169024,Abu Hummus,2958.5,533477,533.195,Beheira Governorate,3268.98,-0.0205835,-310.475,-0.011027,-0.0205835,-0.01853,-0.0314918,0.00202904,0.108313,10,-0.258623,True,-0.258623,within normal range · dans la plage normale
37247803B57835659409223,Abu Kabir,2002.38,420020,192.115,Al Sharqia Governorate,2652.38,-0.0351091,-649.995,-0.0307526,-0.0351091,-0.0247336,-0.0457642,-0.0133774,0.000946318,10,-0.693444,True,-0.693444,within normal range · dans la plage normale
37247803B44606701734202,Abu Radis,955.174,11653.1,4058.12,South Sinai Governorate,502.306,0.104383,452.868,0.0740207,0.104383,0.0965531,0.0694077,0.136081,0.00221285,10,3.48222,True,3.48222,significant gain · hausse significative
37247803B4771380676281,Abu Simbel,0,0,127.412,Aswan Governorate,0,,0,,,,,,,0,,False,,low initial base · base initiale trop faible
37247803B24325700494067,Abu Tig,1306.77,340963,133.598,Asyut Governorate,1424.76,-0.0096826,-117.991,-0.00955913,-0.0096826,-0.0096826,-0.0438631,0.0217511,0.484313,10,0.0676935,True,0.0676935,within normal range · dans la plage normale
37247803B97823956456767,Abu Tisht,1462.44,298101,176.569,Qena Governorate,1997.68,-0.042031,-535.238,-0.0340597,-0.042031,-0.0328303,-0.045946,-0.00495985,0.00914848,10,-0.900652,True,-0.900652,within normal range · dans la plage normale
37247803B96122561755956,Adfu,2669.38,308708,274.55,Aswan Governorate,2244.37,0.0226999,425.011,0.0194559,0.0226999,0.0211001,0.0110189,0.0423686,0.00914848,10,1.03706,True,1.03706,within normal range · dans la plage normale
37247803B31879405836913,Aga,2030.67,506674,242.073,Dakahlia Governorate,2654.03,-0.0401018,-623.357,-0.0293078,-0.0401018,-0.0240707,-0.0658062,0.00738392,0.216373,10,-0.842899,True,-0.842899,within normal range · dans la plage normale
37247803B37545732740300,Ahnasya,1736.86,375501,202.237,Beni Suef Governorate,2036.45,-0.0059673,-299.587,-0.0175255,-0.0059673,-0.00192754,-0.0305872,0.0254839,1,10,0.178911,True,0.178911,within normal range · dans la plage normale
37247803B66210800118153,Ain Shams,814.12,566607,8.59128,Cairo Governorate,1052.12,-0.0301841,-238.004,-0.0280932,-0.0301841,-0.0280932,-0.0402484,-0.0183524,0.00011519,10,-0.546017,True,-0.546017,within normal range · dans la plage normale
37247803B62515716527778,Akhmim,1632.72,351580,81.7228,Sohag Governorate,1117.1,0.0486098,515.615,0.0430691,0.0486098,0.0764554,0.00675286,0.116593,0.0286095,10,1.81267,True,1.81267,within normal range · dans la plage normale
37247803B43234746614791,Akhmim City,31.9843,0,14.2201,Sohag Governorate,13.5189,0.0830089,18.4654,0.100411,0.0830089,0.0874989,0.0349425,0.145761,0.0166661,10,2.8424,False,,low initial base · base initiale trop faible
37247803B32615858974663,Al- Badari,628.441,258490,68.1633,Sohag Governorate,593.05,-0.000433234,35.3916,0.00646127,-0.000433234,0.000192098,-0.0297655,0.0298973,1,10,0.344572,True,0.344572,within normal range · dans la plage normale
37247803B56780050438943,Al-Aguza,534.042,261455,5.15822,Giza Governorate,600.509,-0.016618,-66.4673,-0.0129492,-0.016618,-0.0149196,-0.027048,-0.000781751,0.0466226,10,-0.139918,True,-0.139918,within normal range · dans la plage normale
37247803B9687639154335,Al-Ahram,1857.36,584897,22.3675,Giza Governorate,1878.98,-0.00517593,-21.6247,-0.00128534,-0.00517593,-0.00528497,-0.0108702,0.00856193,0.72749,10,0.2026,True,0.2026,within normal range · dans la plage normale
37247803B56705679670206,Al-Arab,214.153,56940.4,1.69818,Port Said Governorate,207.125,-0.00775945,7.02781,0.00371437,-0.00775945,-0.00157481,-0.0108463,0.00873467,0.467671,10,0.125263,True,0.125263,within normal range · dans la plage normale
37247803B66278795403604,Al-Arbiin,2532.56,272632,36.9976,Suez Governorate,2751.48,-0.0155855,-218.923,-0.00916987,-0.0155855,-0.0139012,-0.0229065,-0.00284754,0.0166661,10,-0.109008,True,-0.109008,within normal range · dans la plage normale
37247803B46685873859675,Al-Bagur,1579.35,403458,167.885,Monufia Governorate,2473.88,-0.0619441,-894.525,-0.0486407,-0.0619441,-0.0486407,-0.0799054,-0.0227119,0.000946318,10,-1.49674,True,-1.49674,within normal range · dans la plage normale
37247803B40738105773266,Al-Balyana,2063.31,497271,151.469,Sohag Governorate,1518,0.0125284,545.308,0.0346899,0.0125284,0.0157122,-0.00115952,0.043646,0.0725502,10,0.732577,True,0.732577,within normal range · dans la plage normale
37247803B10876030245945,Al-Dawahy,402.693,118615,4.24621,Port Said Governorate,423.186,-0.0129647,-20.4925,-0.00549993,-0.0129647,-0.011228,-0.0327427,0.00584811,0.216373,10,-0.0305542,True,-0.0305542,within normal range · dans la plage normale
37247803B72725893374762,Al-Dilingat,2982.64,395738,528.976,Beheira Governorate,3316.93,-0.025789,-334.29,-0.011734,-0.025789,-0.0267997,-0.0397429,0.00044268,0.0725502,10,-0.414449,True,-0.414449,within normal range · dans la plage normale
37247803B61862544009771,Al-Ganayin,2275.54,113100,1175.78,Suez Governorate,1846.31,0.0132837,429.238,0.0234977,0.0132837,0.0132837,-0.00953025,0.0357018,0.38072,10,0.755186,True,0.755186,within normal range · dans la plage normale
37247803B91562573257971,Al-Ganoub,909.794,32062.9,178.598,Port Said Governorate,578.016,0.0268007,331.778,0.0516936,0.0268007,0.0268535,0.0133608,0.0565125,0.00221285,10,1.15982,True,1.15982,within normal range · dans la plage normale
37247803B49247378717422,Al-Ganoub 2,360.238,26861.6,169.49,Port Said Governorate,271.983,0.0165794,88.2545,0.0317175,0.0165794,0.019128,-0.020747,0.0790413,0.484313,10,0.853842,True,0.853842,within normal range · dans la plage normale
37247803B60942546572959,Al-Ghanayem,531.733,134035,46.0572,Asyut Governorate,571.086,-0.0114584,-39.3531,-0.00790178,-0.0114584,-0.00790178,-0.0288291,0.0235171,0.600654,10,0.0145339,True,0.0145339,within normal range · dans la plage normale
37247803B30384422366927,Al-Hammam,6533.02,87160.4,20308.3,Matrouh Governorate,4410.58,0.0588247,2122.44,0.0446182,0.0588247,0.0606294,0.0438471,0.0719143,0.00011519,10,2.11845,True,2.11845,within normal range · dans la plage normale
37247803B43495383669597,Al-Hasna,454.066,11706,5771.49,North Sinai Governorate,116.873,0.178336,337.193,0.162758,0.178336,-0.0189442,-0.0563011,0.221095,0.72749,10,5.69599,False,,low initial base · base initiale trop faible
37247803B51599084555013,Al-Husayniya,3928.18,653691,1157.96,Al Sharqia Governorate,4334.52,-0.0252458,-406.336,-0.0108775,-0.0252458,-0.0240859,-0.0344759,-0.000132711,0.0466226,10,-0.398187,True,-0.398187,within normal range · dans la plage normale
37247803B20145410144228,Al-Kharga Oasis,5030.21,108957,82867.9,New Valley Governorate,4387.4,0.0243113,642.813,0.0153077,0.0243113,0.017953,-0.00895307,0.0393032,0.108313,10,1.0853,True,1.0853,within normal range · dans la plage normale
37247803B49167572517761,Al-Mahmudiyya,960.706,280636,161.458,Beheira Governorate,1160.31,-0.0266069,-199.6,-0.0207561,-0.0266069,-0.0264631,-0.0434483,-0.0124529,0.0166661,10,-0.438932,True,-0.438932,within normal range · dans la plage normale
37247803B61040397145628,Al-Manasra,311.888,16833.9,52.6329,Dakahlia Governorate,202.754,0.066414,109.134,0.0490132,0.066414,0.0611743,0.0231213,0.0874772,0.000946318,10,2.34563,True,2.34563,within normal range · dans la plage normale
37247803B96203293605859,Al-Maragha,1711.2,395394,157.12,Sohag Governorate,1273.32,0.0464196,437.881,0.033386,0.0464196,0.0549994,0.0152026,0.0788656,0.0166661,10,1.7471,True,1.7471,within normal range · dans la plage normale
37247803B33567976679520,Al-Minshat,1592.41,402336,123.605,Sohag Governorate,935.031,0.0181499,657.376,0.0609429,0.0181499,0.0306172,0.00175261,0.0660466,0.0466226,10,0.900856,True,0.900856,within normal range · dans la plage normale
37247803B61340660401138,Al-Munakh,425.443,92530.8,4.24516,Port Said Governorate,455.15,-0.00648975,-29.7066,-0.00747142,-0.00648975,-0.00668418,-0.0216804,0.0110818,0.38072,10,0.163271,True,0.163271,within normal range · dans la plage normale
37247803B43840027244949,Al-Qanayat,199.53,56596.2,18.8033,Al Sharqia Governorate,292.982,-0.0491957,-93.4513,-0.0417846,-0.0491957,-0.0505269,-0.0665196,-0.0296439,0.000357694,10,-1.11513,True,-1.11513,within normal range · dans la plage normale
37247803B63984136807861,Al-Qusia,1798.9,461925,190.467,Asyut Governorate,1534.73,0.015604,264.178,0.0178039,0.015604,0.0177637,0.000229681,0.0351791,0.0466226,10,0.824644,True,0.824644,within normal range · dans la plage normale
37247803B62002284809719,Al-Rahmaniyya,781.639,170489,121.631,Beheira Governorate,819.579,-0.0123252,-37.9397,-0.00525255,-0.0123252,-0.00656599,-0.0330141,0.0175295,0.600654,10,-0.011413,True,-0.011413,within normal range · dans la plage normale
37247803B28046922888397,Al-Salhiyya,2672.65,40635.8,541.868,Al Sharqia Governorate,2441.11,0.00450664,231.542,0.0101196,0.00450664,0.00729245,-0.00568698,0.0198331,0.216373,10,0.492446,True,0.492446,within normal range · dans la plage normale
37247803B90790546702269,Al-Sharq,315.348,21116.7,2.54747,Port Said Governorate,258.232,-0.00445095,57.1152,0.02245,-0.00445095,0.00870876,-0.0102468,0.0249431,0.484313,10,0.224302,True,0.224302,within normal range · dans la plage normale
37247803B57305898539534,Al-Shuhada,943.62,318561,154.749,Monufia Governorate,1310.7,-0.0488211,-367.081,-0.035852,-0.0488211,-0.035852,-0.0621738,-0.0156721,0.00221285,10,-1.10391,True,-1.10391,within normal range · dans la plage normale
37247803B51826009871737,Al-Tur,1763.2,36074.9,4488.36,South Sinai Governorate,1198.93,0.0315925,564.278,0.0437878,0.0315925,0.0355234,0.00903321,0.0643899,0.0166661,10,1.30326,True,1.30326,within normal range · dans la plage normale
37247803B87412130883557,Al-Zohour,342.684,236447,5.09437,Port Said Governorate,450.326,-0.0252401,-107.642,-0.0298955,-0.0252401,-0.028805,-0.0543099,-0.0139466,0.0166661,10,-0.398019,True,-0.398019,within normal range · dans la plage normale
37247803B92926604097979,Al Amreia,13114.9,623329,933.788,Alexandria Governorate,13231,-0.0021947,-116.143,-0.000979166,-0.0021947,-0.0021947,-0.0202195,0.0178225,0.72749,10,0.291843,True,0.291843,within normal range · dans la plage normale
37247803B2309887607754,Al Attarin,101.734,27939.2,0.849694,Alexandria Governorate,109.11,-0.0194877,-7.37577,-0.00774682,-0.0194877,-0.00994916,-0.0459042,0,0.102404,10,-0.22582,False,,low initial base · base initiale trop faible
37247803B6267278220516,Al Azbakiyya,215.517,45462.4,1.71946,Cairo Governorate,218.22,-0.00177851,-2.70229,-0.00138356,-0.00177851,0,-0.00155637,0,0.05215,10,0.304301,True,0.304301,within normal range · dans la plage normale
37247803B66957331642315,Al Darb al-Ahmar,283.418,89591.3,2.57962,Cairo Governorate,291.764,-0.00378031,-8.34566,-0.00321939,-0.00378031,-0.00498035,-0.0171647,0.00172343,0.108313,10,0.244378,True,0.244378,within normal range · dans la plage normale
37247803B81947016112808,Al Dikhila,2936.98,399646,45.0704,Alexandria Governorate,3522.76,-0.0250668,-585.775,-0.020004,-0.0250668,-0.0241237,-0.0347423,-0.0133884,0.00468695,10,-0.392831,True,-0.392831,within normal range · dans la plage normale
37247803B67299056810507,Al Farafra Oasis,958.111,28142.9,38179.8,New Valley Governorate,424.604,0.123286,533.507,0.0946371,0.123286,0.109978,0.0615208,0.162331,2.97619e-05,10,4.04808,True,4.04808,significant gain · hausse significative
37247803B34846492708063,Al Fashn,1817.16,447856,251.537,Beni Suef Governorate,1495.72,0.0144955,321.441,0.0218653,0.0144955,0.0294991,-0.015106,0.0739842,0.216373,10,0.791462,True,0.791462,within normal range · dans la plage normale
37247803B59433804182787,Al Gumruk,82.5732,84325.7,2.54876,Alexandria Governorate,106.939,-0.0365044,-24.3662,-0.028322,-0.0365044,-0.0335164,-0.054946,-0.00852803,0.0166661,10,-0.735212,False,,low initial base · base initiale trop faible
37247803B81871138986317,Al Hamul,2378.32,325985,632.486,Kafr el-Sheikh Governorate,2212.97,-0.0158393,165.346,0.0080385,-0.0158393,-0.00822948,-0.0302131,0.0274887,0.600654,10,-0.116606,True,-0.116606,within normal range · dans la plage normale
37247803B15392203431980,Al Khalifa,3219.35,280106,38.7059,Cairo Governorate,3142.15,-0.00217628,77.2035,0.00270067,-0.00217628,0.00131571,-0.00706191,0.00878283,1,10,0.292394,True,0.292394,within normal range · dans la plage normale
37247803B26389200974070,Al Khanka,3576.65,582741,121.874,Qalyubia Governorate,4238.32,-0.026529,-661.667,-0.0186832,-0.026529,-0.026529,-0.0385474,-0.0154787,0.00914848,10,-0.4366,True,-0.4366,within normal range · dans la plage normale
37247803B27962965783351,Al Matariyya,699.688,519662,6.01416,Cairo Governorate,763.769,-0.00756137,-64.0806,-0.00968946,-0.00756137,-0.0032674,-0.0112018,0,0.00818244,10,0.131192,True,0.131192,within normal range · dans la plage normale
37247803B98787115048764,Al Raml,468.413,494573,7.64377,Alexandria Governorate,680.58,-0.0400337,-212.167,-0.0406607,-0.0400337,-0.0387325,-0.0449795,-0.0349404,0.00011519,10,-0.840861,True,-0.840861,within normal range · dans la plage normale
37247803B54164801772616,Al Sahil,535.854,332033,5.15666,Cairo Governorate,613.105,-0.0164769,-77.2508,-0.0148524,-0.0164769,-0.0151586,-0.0246425,-0.00520532,0.0286095,10,-0.135693,True,-0.135693,within normal range · dans la plage normale
37247803B59541002076203,Al Salam,2602.83,489578,29.2003,Qalyubia Governorate,2787.08,-0.009723,-184.247,-0.00757054,-0.009723,-0.00678464,-0.0130137,0.000773767,0.108313,10,0.0664842,True,0.0664842,within normal range · dans la plage normale
37247803B22012205190656,Al Sharabiyya,495.577,273177,4.29775,Cairo Governorate,545.549,-0.00459355,-49.972,-0.0106177,-0.00459355,-0.00459355,-0.0111315,0,0.0053325,10,0.220034,True,0.220034,within normal range · dans la plage normale
37247803B18410334160069,Al Tibbin,643.509,76247.5,23.2778,Cairo Governorate,1059.41,-0.0687414,-415.897,-0.0538858,-0.0687414,-0.0606953,-0.0712139,-0.0510159,0.00011519,10,-1.70022,True,-1.70022,within normal range · dans la plage normale
37247803B53334820254906,Al Usayrat,857.002,185388,61.3948,Sohag Governorate,640.549,0.0202304,216.453,0.0328749,0.0202304,0.0305834,-0.00519929,0.045531,0.0725502,10,0.963134,True,0.963134,within normal range · dans la plage normale
37247803B80470796626605,Al Waqf,440.187,53337.4,40.144,New Valley Governorate,580.417,-0.0437404,-140.229,-0.03026,-0.0437404,-0.0347267,-0.0468653,-0.0190858,0.00468695,10,-0.95182,True,-0.95182,within normal range · dans la plage normale
37247803B53497462847633,Al Wasta,1692.47,463366,194.031,Beni Suef Governorate,1476.69,0.0103727,215.786,0.0152698,0.0103727,0.0225607,-0.0213555,0.0547329,0.216373,10,0.668047,True,0.668047,within normal range · dans la plage normale
37247803B46837021628067,Al Wayli,515.758,74682,4.29806,Cairo Governorate,540.708,-0.00672585,-24.9491,-0.00523514,-0.00672585,-0.00620639,-0.0100791,0.000156137,0.108313,10,0.156203,True,0.156203,within normal range · dans la plage normale
37247803B28746183260819,Al Zahir,182.068,63995.9,1.71938,Cairo Governorate,218.22,-0.0229226,-36.1519,-0.0199237,-0.0229226,-0.0229226,-0.0319438,-0.00481116,0.00367145,10,-0.328643,True,-0.328643,within normal range · dans la plage normale
37247803B62499095418831,Al Zaytun,911.814,335974,8.59355,Cairo Governorate,953.718,-0.00809743,-41.9036,-0.00497996,-0.00809743,-0.00809743,-0.0174909,0.0046658,0.155742,10,0.115145,True,0.115145,within normal range · dans la plage normale
37247803B41250479572628,Alamn,4434.07,8773.44,1527.89,Matrouh Governorate,865.088,0.248929,3568.99,0.199114,0.248929,0.228506,0.173991,0.308063,5.51146e-06,10,7.80919,True,7.80919,significant gain · hausse significative
37247803B50219622339720,Alfath,929.513,288066,74.1994,Asyut Governorate,1120.58,-0.037711,-191.071,-0.0205573,-0.037711,-0.031952,-0.0417624,-0.0130044,0.00468695,10,-0.771331,True,-0.771331,within normal range · dans la plage normale
37247803B28192113145833,Armant,1020.19,149967,122.694,Luxor Governate,1158.61,-0.0180114,-138.417,-0.0140371,-0.0180114,-0.0206149,-0.0345888,-0.00566115,0.0166661,10,-0.181628,True,-0.181628,within normal range · dans la plage normale
37247803B18007255516355,Ashmun,2886.61,808232,300.154,Monufia Governorate,4430.94,-0.0562198,-1544.33,-0.0464986,-0.0562198,-0.0479405,-0.0807822,-0.0151068,0.00914848,10,-1.32539,True,-1.32539,within normal range · dans la plage normale
37247803B81923803494172,Assuit,2343.89,517234,205.022,Asyut Governorate,2852.02,-0.0235633,-508.128,-0.0215657,-0.0235633,-0.0201886,-0.0441217,0.00526734,0.108313,10,-0.347822,True,-0.347822,within normal range · dans la plage normale
37247803B89417957828076,Assuit City,23.7197,1878.84,10.5962,Asyut Governorate,15.0801,0.028369,8.63966,0.0516138,0.028369,0.0516138,0.0251456,0.0635508,0.000946318,10,1.20676,False,,low initial base · base initiale trop faible
37247803B76296882951531,Aswan,2194.03,195979,39.9128,Aswan Governorate,2322.62,-0.00578306,-128.594,-0.00630863,-0.00578306,-0.00506201,-0.0133125,0.00217304,0.155742,10,0.184426,True,0.184426,within normal range · dans la plage normale
37247803B17658865613215,Aswan,2145.72,58424.3,125.107,Aswan Governorate,1890.75,0.0251779,254.974,0.0141552,0.0251779,0.023345,-0.00175716,0.0490748,0.0725502,10,1.11124,True,1.11124,within normal range · dans la plage normale
37247803B88895964793077,Aswan City,55.6122,5.91637,26.3019,Aswan Governorate,30.4708,0.0824188,25.1414,0.0691331,0.0824188,0.077362,0.0452361,0.112901,0.00221285,10,2.82473,False,,low initial base · base initiale trop faible
37247803B89602955599025,Ataqa,8885.94,39393.7,6917.72,Suez Governorate,6381.19,0.0439459,2504.75,0.0374759,0.0439459,0.0418677,0.0261311,0.0512987,2.97619e-05,10,1.67306,True,1.67306,within normal range · dans la plage normale
37247803B7335021436895,Atfeh,1787.21,271171,120.316,Giza Governorate,2216.13,-0.0336929,-428.924,-0.0236176,-0.0336929,-0.0218892,-0.0469144,0.0043772,0.155742,10,-0.651052,True,-0.651052,within normal range · dans la plage normale
37247803B59509070430414,Atsa,3045.66,672058,449.193,Faiyum Governorate,3168.34,-0.0117393,-122.673,-0.00437795,-0.0117393,-0.00897549,-0.0174761,0.0162576,0.38072,10,0.00612566,True,0.00612566,within normal range · dans la plage normale
37247803B16391777329697,Auseem,1244.91,487065,47.2532,Giza Governorate,1405.89,-0.0114028,-160.983,-0.0134213,-0.0114028,-0.0114028,-0.0325308,0.0132666,0.291248,10,0.0161995,True,0.0161995,within normal range · dans la plage normale
37247803B9128423140503,Awlad Saqr,1254.12,229717,306.618,Al Sharqia Governorate,1676.62,-0.0510925,-422.498,-0.0317457,-0.0510925,-0.0460705,-0.0557776,-0.0264532,0.000946318,10,-1.17191,True,-1.17191,within normal range · dans la plage normale
37247803B7250727301439,Ayat,1954.13,535674,158.088,Giza Governorate,2166.94,-0.0127177,-212.812,-0.0114201,-0.0127177,0.00509789,-0.0278695,0.0358547,1,10,-0.0231629,True,-0.0231629,within normal range · dans la plage normale
37247803B36275264085145,Bab Al-Shariyya,84.9414,37539.6,0.859691,Cairo Governorate,109.11,-0.0320166,-24.1684,-0.027438,-0.0320166,-0.0295086,-0.0370386,-0.0150181,0.000357694,10,-0.600871,False,,low initial base · base initiale trop faible
37247803B50327552497363,Bab Sharqi,422.952,239074,6.7969,Alexandria Governorate,583.606,-0.0411923,-160.654,-0.0351418,-0.0411923,-0.042084,-0.0507851,-0.0280359,0.00221285,10,-0.875543,True,-0.875543,within normal range · dans la plage normale
37247803B98610862498628,Badr,3642.06,17859.8,79.0259,Cairo Governorate,1760.75,0.0841511,1881.31,0.084107,0.0841511,0.092441,0.0685376,0.123084,0.000357694,10,2.87659,True,2.87659,significant gain · hausse significative
37247803B14038420995681,Badr,2851.72,213597,758.496,Beheira Governorate,3487.43,-0.0374736,-635.71,-0.0221122,-0.0374736,-0.0304025,-0.0489443,-0.00904499,0.00914848,10,-0.764227,True,-0.764227,within normal range · dans la plage normale
37247803B45225516611894,Badrashain,2577.52,600309,118.065,Giza Governorate,3244.8,-0.0307465,-667.279,-0.0252562,-0.0307465,-0.0255468,-0.031404,-0.0160445,0.000946318,10,-0.562849,True,-0.562849,within normal range · dans la plage normale
37247803B96885043093668,Bahariya Oasis,42.099,2557.97,176.504,Giza Governorate,34.0401,0.00716969,8.05886,0.0238902,0.00716969,0.0185954,-0.0203195,0.0555874,0.216373,10,0.572164,False,,low initial base · base initiale trop faible
37247803B4989882956634,Banha,642.961,180418,11.1305,Qalyubia Governorate,612.504,0.00521029,30.457,0.00540664,0.00521029,0.00540664,-0.00559644,0.0232894,0.600654,10,0.51351,True,0.51351,within normal range · dans la plage normale
37247803B8473784659060,Banha,2450.5,490256,161.845,Qalyubia Governorate,2759.41,-0.0154961,-308.912,-0.0131051,-0.0154961,-0.00379796,-0.0286101,0.015295,0.72749,10,-0.106332,True,-0.106332,within normal range · dans la plage normale
37247803B61298803193986,Bani Swayf,708.043,237641,16.4942,Beni Suef Governorate,1204.67,-0.0559572,-496.625,-0.0573408,-0.0559572,-0.058229,-0.0622195,-0.0541843,5.51146e-06,10,-1.31753,True,-1.31753,within normal range · dans la plage normale
37247803B71974120040815,Bani Swayf,3054.45,407050,179.682,Beni Suef Governorate,3195.95,-0.00520613,-141.503,-0.0050191,-0.00520613,-0.0050191,-0.0188812,0.0113149,0.38072,10,0.201696,True,0.201696,within normal range · dans la plage normale
37247803B55078919918818,Bani Swayf City,1063.39,23381.5,226.809,Beni Suef Governorate,400.74,0.095773,662.653,0.114532,0.095773,0.0624611,-0.0336194,0.186725,0.600654,10,3.22449,True,3.22449,significant gain · hausse significative
37247803B85878422276791,Bany Abeed,439.257,129306,108.953,Dakahlia Governorate,626.838,-0.049532,-187.58,-0.038741,-0.049532,-0.038741,-0.0670839,-0.010544,0.00468695,10,-1.12519,True,-1.12519,within normal range · dans la plage normale
37247803B92056872151518,Basatin,2459.78,804759,31.8357,Cairo Governorate,2685.34,-0.0149387,-225.56,-0.00970103,-0.0149387,-0.0124674,-0.0181348,-0.00516858,0.0166661,10,-0.0896479,True,-0.0896479,within normal range · dans la plage normale
37247803B14729269607977,Basyun,772.488,299531,164.399,Gharbiyya Governorate,1079.17,-0.0505884,-306.679,-0.0364661,-0.0505884,-0.0505884,-0.0682846,-0.0261693,0.000946318,10,-1.15681,True,-1.15681,within normal range · dans la plage normale
37247803B33717646792475,Biba,1626.79,426553,180.782,Beni Suef Governorate,1733.89,-0.0208044,-107.099,-0.00705919,-0.0208044,-0.0121028,-0.0347677,0.0161679,0.38072,10,-0.265237,True,-0.265237,within normal range · dans la plage normale
37247803B42171035160974,Bilbis,3568.6,771282,341.804,Al Sharqia Governorate,4423.5,-0.0308308,-854.904,-0.0235796,-0.0308308,-0.0308308,-0.0375941,-0.0116117,0.000946318,10,-0.565376,True,-0.565376,within normal range · dans la plage normale
37247803B88078543557483,Bilqas,3891.28,544291,676.935,Dakahlia Governorate,3953.86,-0.00991195,-62.5815,-0.00177116,-0.00991195,-0.00177116,-0.0239817,0.0228814,0.861801,10,0.0608282,True,0.0608282,within normal range · dans la plage normale
37247803B3069705007202,Bir Al-Abd,1122.75,54545,5202.12,North Sinai Governorate,832.904,0.045824,289.846,0.0337364,0.045824,0.0635466,0.00495817,0.0991635,0.0466226,10,1.72927,True,1.72927,within normal range · dans la plage normale
37247803B30511282692114,Birkat Al-Sab,891.665,302398,117.074,Gharbiyya Governorate,1374.17,-0.0526477,-482.505,-0.0469207,-0.0526477,-0.0462214,-0.0595854,-0.0244285,2.97619e-05,10,-1.21846,True,-1.21846,within normal range · dans la plage normale
37247803B81724678096325,Biyalu,1650.81,302427,371.011,Kafr el-Sheikh Governorate,1709.81,-0.00680578,-58.9981,-0.00389406,-0.00680578,-0.00389406,-0.0151648,0.0157916,0.484313,10,0.153811,True,0.153811,within normal range · dans la plage normale
37247803B29547542469056,Bulaq,301.688,69137,2.57899,Cairo Governorate,327.329,-0.00994961,-25.6418,-0.00902292,-0.00994961,-0.00776245,-0.0125418,-0.00194753,0.00705833,10,0.0597007,True,0.0597007,within normal range · dans la plage normale
37247803B34210539192827,Bulaq Al-DakrUr,700.034,810295,9.45956,Giza Governorate,945.169,-0.032652,-245.135,-0.0328091,-0.032652,-0.0312906,-0.049898,-0.0208771,0.00221285,10,-0.619892,True,-0.619892,within normal range · dans la plage normale
37247803B42052057109088,Burg al-Arab,5070.4,67529.4,427.153,Matrouh Governorate,4225.15,0.00782625,845.256,0.0204696,0.00782625,0.00818672,-0.0167669,0.0310506,0.484313,10,0.591818,True,0.591818,within normal range · dans la plage normale
37247803B47778858868079,Burg Al-Arab City,2901.27,49695.4,121.036,Alexandria Governorate,3028.53,-0.00181282,-127.257,-0.0047584,-0.00181282,-0.00181282,-0.0179976,0.0222579,0.861801,10,0.303274,True,0.303274,within normal range · dans la plage normale
37247803B81519659380298,Burullus,1171.44,221164,246.36,Kafr el-Sheikh Governorate,909.603,0.0126077,261.839,0.028508,0.0126077,0.0108377,-0.00306104,0.0398059,0.155742,10,0.73495,True,0.73495,within normal range · dans la plage normale
37247803B11415934472050,Daba,4871.49,40902.5,21335.2,Matrouh Governorate,2823.23,0.0796929,2048.26,0.0624877,0.0796929,0.074702,0.0404059,0.107587,0.000946318,10,2.74314,True,2.74314,significant gain · hausse significative
37247803B99399074441335,Dahab,36.148,2599.51,1082.42,South Sinai Governorate,16.6525,0.129847,19.4955,0.0899347,0.129847,0.0342596,-0.0792723,0.191384,0.861801,10,4.2445,False,,low initial base · base initiale trop faible
37247803B7643312094608,Damanhur,882.495,317478,17.8717,Beheira Governorate,1225.26,-0.0426998,-342.761,-0.0358046,-0.0426998,-0.0441183,-0.059175,-0.0261997,0.000357694,10,-0.920671,True,-0.920671,within normal range · dans la plage normale
37247803B72315750145926,Damanhur,3166.36,582205,375.415,Beheira Governorate,3498.51,-0.0239722,-332.151,-0.0110226,-0.0239722,-0.0214228,-0.0391542,-0.00491745,0.0166661,10,-0.360063,True,-0.360063,within normal range · dans la plage normale
37247803B4319107870519,Dar al-Salam,1978.49,381016,179.053,Sohag Governorate,1416.47,0.0399478,562.017,0.0378273,0.0399478,0.0486048,0.0324314,0.0633464,0.00221285,10,1.55337,True,1.55337,within normal range · dans la plage normale
37247803B19070372883194,Daraw,506.161,55247.2,66.9389,Aswan Governorate,501.578,0.0111385,4.58253,0.00101104,0.0111385,0.0138409,-0.00886834,0.0434317,0.155742,10,0.690971,True,0.690971,within normal range · dans la plage normale
37247803B43857760448777,Dayrut,2470.17,612774,224.588,Asyut Governorate,2590.27,-0.00849605,-120.102,-0.00526124,-0.00849605,-0.0147109,-0.0228662,0.0015368,0.108313,10,0.103213,True,0.103213,within normal range · dans la plage normale
37247803B48136170412055,Dikirnis,1196.03,360668,222.848,Dakahlia Governorate,1531.86,-0.0359544,-335.833,-0.0271228,-0.0359544,-0.0305631,-0.0576341,0.00481498,0.108313,10,-0.718749,True,-0.718749,within normal range · dans la plage normale
37247803B58798403168141,Dishna,1384.78,251105,181.904,Qena Governorate,2190.83,-0.0574866,-806.046,-0.0496935,-0.0574866,-0.0515238,-0.0655502,-0.0316173,0.00011519,10,-1.36331,True,-1.36331,within normal range · dans la plage normale
37247803B31091771651272,Disuq,138.488,112387,8.50113,Kafr el-Sheikh Governorate,189.559,-0.040447,-51.0714,-0.0342785,-0.040447,-0.0416391,-0.0566693,-0.0338581,0.00011519,10,-0.853234,False,,low initial base · base initiale trop faible
37247803B5020556280365,Disuq,1602.1,449051,301.724,Kafr el-Sheikh Governorate,1701.6,-0.0136505,-99.503,-0.00667269,-0.0136505,-0.0119544,-0.026889,0.0105078,0.155742,10,-0.0510845,True,-0.0510845,within normal range · dans la plage normale
37247803B80197492831052,Dumyat,1284.39,313138,197.467,Damietta Governorate,1294.44,0.00180728,-10.0548,-0.000866071,0.00180728,0.00180728,-0.018701,0.0219502,0.861801,10,0.411641,True,0.411641,within normal range · dans la plage normale
37247803B95914699067070,Dumyat 1,309.132,104657,7.63001,Damietta Governorate,379.71,-0.0188863,-70.5772,-0.0225895,-0.0188863,-0.0174047,-0.0301366,0.00228782,0.155742,10,-0.207817,True,-0.207817,within normal range · dans la plage normale
37247803B80860993707274,Dumyat 2,206.002,136166,4.23787,Damietta Governorate,269.651,-0.0191815,-63.6491,-0.0294729,-0.0191815,-0.0213044,-0.039678,-0.00582126,0.00468695,10,-0.216655,True,-0.216655,within normal range · dans la plage normale
37247803B6997097478011,Dumyat Al-Gadida,1924.79,40933.7,85.6009,Damietta Governorate,1490.22,0.0139694,434.567,0.0288404,0.0139694,0.0236084,0.00907668,0.0337911,0.000357694,10,0.775714,True,0.775714,within normal range · dans la plage normale
37247803B46347292779018,DuqqI,465.368,153294,5.15924,Giza Governorate,570.137,-0.0231914,-104.77,-0.0223085,-0.0231914,-0.0220724,-0.0287137,-0.0163452,0.0166661,10,-0.336689,True,-0.336689,within normal range · dans la plage normale
37247803B60189516177334,Dyarb Nigm,2183.2,461846,216.81,Al Sharqia Governorate,2832.86,-0.0268861,-649.651,-0.0285286,-0.0268861,-0.0252623,-0.0342939,-0.00329037,0.0166661,10,-0.447292,True,-0.447292,within normal range · dans la plage normale
37247803B17472786437270,E Mansora 2,620.833,260170,21.2753,Dakahlia Governorate,677.843,-0.0255904,-57.0097,-0.00971397,-0.0255904,-0.0166495,-0.0349407,0.00543684,0.108313,10,-0.408503,True,-0.408503,within normal range · dans la plage normale
37247803B97743479870089,El-Ibrahimiya,654.434,162626,74.2812,Al Sharqia Governorate,828.546,-0.0291027,-174.112,-0.0258707,-0.0291027,-0.0255603,-0.0349347,-0.00896036,0.00221285,10,-0.513644,True,-0.513644,within normal range · dans la plage normale
37247803B82765364508611,El Arish 1,1220.83,85601.4,50.1675,North Sinai Governorate,1178.19,-0.0138687,42.6449,0.00395844,-0.0138687,-0.0114113,-0.0217286,0.00501576,0.155742,10,-0.0576176,True,-0.0576176,within normal range · dans la plage normale
37247803B92931346383246,El Arish 2,507.459,29813.7,61.2421,North Sinai Governorate,426.513,-0.0195406,80.9465,0.0194959,-0.0195406,0.00722478,-0.0335126,0.019964,1,10,-0.227403,True,-0.227403,within normal range · dans la plage normale
37247803B18293726613988,El Arish 3,88.773,19964.4,169.41,North Sinai Governorate,67.4855,0.037292,21.2875,0.030932,0.037292,0.0300382,-0.00971608,0.0629999,0.155742,10,1.47387,False,,low initial base · base initiale trop faible
37247803B14702199074319,El Arish 4,356.508,38138.5,1398.55,North Sinai Governorate,202.582,0.0687837,153.925,0.0648149,0.0687837,0.0820966,0.0301949,0.134811,0.00914848,10,2.41657,True,2.41657,within normal range · dans la plage normale
37247803B79184551516010,El Mahalla El Kobra,2870.43,768678,430.693,Gharbiyya Governorate,3672.88,-0.046689,-802.448,-0.0270187,-0.046689,-0.0197853,-0.066805,0.0149613,0.291248,10,-1.04009,True,-1.04009,within normal range · dans la plage normale
37247803B33449651537702,El Mahalla El Kobra 1,369.299,255250,7.66517,Gharbiyya Governorate,464.057,-0.0418457,-94.7578,-0.0250585,-0.0418457,-0.0260661,-0.0511641,-0.00679604,0.0286095,10,-0.895103,True,-0.895103,within normal range · dans la plage normale
37247803B13399468350664,El Mahalla El Kobra 2,419.66,284428,15.3303,Gharbiyya Governorate,636.29,-0.072752,-216.629,-0.0451923,-0.072752,-0.0692485,-0.0826469,-0.0392094,0.000946318,10,-1.82028,True,-1.82028,within normal range · dans la plage normale
37247803B83073428854351,El Mansora,2124.01,567761,285.984,Dakahlia Governorate,3069.2,-0.0499542,-945.193,-0.0400762,-0.0499542,-0.0310619,-0.0765605,0.00246921,0.108313,10,-1.13783,True,-1.13783,within normal range · dans la plage normale
37247803B85247487045844,El Mansora 1,676.265,293485,10.2138,Dakahlia Governorate,825.538,-0.0317829,-149.274,-0.0219175,-0.0317829,-0.0281144,-0.0524325,-0.0071657,0.0166661,10,-0.593875,True,-0.593875,within normal range · dans la plage normale
37247803B81892076694929,Faqus,145.168,89603.6,5.97726,Al Sharqia Governorate,200.847,-0.0454332,-55.6789,-0.0354294,-0.0454332,-0.0426616,-0.0620516,-0.0255145,0.00221285,10,-1.0025,False,,low initial base · base initiale trop faible
37247803B31970739059734,Faqus,2950.86,658750,409.779,Al Sharqia Governorate,3867.55,-0.0358995,-916.693,-0.0296111,-0.0358995,-0.0329343,-0.0433499,-0.0135852,0.000946318,10,-0.717106,True,-0.717106,within normal range · dans la plage normale
37247803B71323814972136,Fariskur,692.221,252878,112.878,Damietta Governorate,887.425,-0.0295647,-195.204,-0.0272246,-0.0295647,-0.0327172,-0.0521081,-0.00389295,0.00914848,10,-0.527474,True,-0.527474,within normal range · dans la plage normale
37247803B34364320668484,Farshut,662.051,121110,65.1418,Qena Governorate,852.404,-0.0346079,-190.353,-0.0276892,-0.0346079,-0.0185884,-0.0581939,0.00916918,0.155742,10,-0.67844,True,-0.67844,within normal range · dans la plage normale
37247803B37861588601733,Fayid,1265.25,141290,128.572,Ismailia Governorate,1395,-0.0141705,-129.75,-0.0107886,-0.0141705,-0.0107886,-0.0360906,0.00608849,0.108313,10,-0.0666498,True,-0.0666498,within normal range · dans la plage normale
37247803B30609980444918,Faysal,2653.94,180236,1168.92,Suez Governorate,2075.27,0.0262839,578.669,0.027705,0.0262839,0.027705,0.00272354,0.0443604,0.0166661,10,1.14434,True,1.14434,within normal range · dans la plage normale
37247803B19900063663669,Fayyum,1208.21,401985,23.3856,Faiyum Governorate,1449.57,-0.0329167,-241.368,-0.0200336,-0.0329167,-0.0254217,-0.043271,-0.00763368,0.0166661,10,-0.627816,True,-0.627816,within normal range · dans la plage normale
37247803B48268032297871,Fayyum,3683.36,563135,373.312,Faiyum Governorate,4353.11,-0.0232004,-669.752,-0.0183916,-0.0232004,-0.0203301,-0.0313165,-0.0059532,0.000357694,10,-0.336961,True,-0.336961,within normal range · dans la plage normale
37247803B49261326337106,Fayyum City,130.565,0,9.53677,Beni Suef Governorate,153.536,0.00734011,-22.9706,-0.0178456,0.00734011,0.0169473,-0.0280343,0.0509497,0.291248,10,0.577266,False,,low initial base · base initiale trop faible
37247803B18830247212538,Fuwwa,451.335,164700,95.1277,Kafr el-Sheikh Governorate,461.098,-0.0170186,-9.76279,-0.00237498,-0.0170186,-0.0254637,-0.0405492,0.0217877,0.216373,10,-0.151909,True,-0.151909,within normal range · dans la plage normale
37247803B35159038955302,Gamaliyya,170.431,58330,1.71954,Cairo Governorate,218.22,-0.0312846,-47.7885,-0.0270897,-0.0312846,-0.0283708,-0.0435227,0,0.00289773,10,-0.57896,True,-0.57896,within normal range · dans la plage normale
37247803B61815005603813,Gamaliyya,340.752,111785,65.4145,Dakahlia Governorate,389.904,-0.0657089,-49.1517,-0.0148601,-0.0657089,-0.0543982,-0.0832556,-0.0148601,0.00914848,10,-1.60944,True,-1.60944,within normal range · dans la plage normale
37247803B6242604579963,Gamsa,151.128,2025.73,2.54244,Dakahlia Governorate,129.206,0.00639836,21.922,0.0175658,0.00639836,0.0096283,-0.0220417,0.0221119,0.38072,10,0.549075,False,,low initial base · base initiale trop faible
37247803B10377703685184,Girga,264.661,134393,6.23102,Sohag Governorate,203.642,-0.00350408,61.0193,0.029549,-0.00350408,0.00149504,-0.0154308,0.029549,1,10,0.252646,True,0.252646,within normal range · dans la plage normale
37247803B67165443918142,Girga,1897.98,339773,129.106,Sohag Governorate,1201.37,0.0189435,696.606,0.0521272,0.0189435,0.0326884,0.0132042,0.085664,0.0166661,10,0.92461,True,0.92461,within normal range · dans la plage normale
37247803B55829024150134,Giza,708.471,366047,9.46322,Giza Governorate,936.55,-0.0317398,-228.08,-0.0305346,-0.0317398,-0.02971,-0.0464764,-0.0154757,0.000357694,10,-0.592585,True,-0.592585,within normal range · dans la plage normale
37247803B59036266241246,Giza,1766.02,384945,56.8077,Giza Governorate,1920.16,-0.0120763,-154.136,-0.00925449,-0.0120763,-0.011888,-0.0190402,-0.00432578,0.0166661,10,-0.00396104,True,-0.00396104,within normal range · dans la plage normale
37247803B67659065091710,Guhayna Al-Gharbiyya,1525.14,259659,122.469,New Valley Governorate,955.184,0.0680116,569.952,0.0533682,0.0680116,0.0884362,0.0201595,0.148794,0.00914848,10,2.39346,True,2.39346,within normal range · dans la plage normale
37247803B1921003738807,Hadaiq Al-Qubba,397.395,246951,3.4379,Cairo Governorate,430.706,-0.0105048,-33.3117,-0.00890421,-0.0105048,-0.00861639,-0.0152653,-0.000895033,0.0166661,10,0.0430827,True,0.0430827,within normal range · dans la plage normale
37247803B74067375685147,Halayib,185.29,13575.6,7532.75,Red Sea Governorate,173.162,0.015448,12.1279,0.00754992,0.015448,0.0126404,-0.000808904,0.0339433,0.0725502,10,0.819975,False,,low initial base · base initiale trop faible
37247803B80618316463204,Hihya,1150.44,264533,125.609,Al Sharqia Governorate,1514.14,-0.0413229,-363.702,-0.0300617,-0.0413229,-0.0391061,-0.0566608,-0.0230813,0.000357694,10,-0.879455,True,-0.879455,within normal range · dans la plage normale
37247803B18472339316050,Hilwan,3673.49,681902,65.4771,Cairo Governorate,3905.25,-0.0110008,-231.757,-0.0067746,-0.0110008,-0.00702667,-0.0160293,-0.00250413,0.0166661,10,0.0282348,True,0.0282348,within normal range · dans la plage normale
37247803B61358518780197,Hurghada 1,4186.95,147858,6159.57,Red Sea Governorate,2994.77,0.0266022,1192.18,0.0379358,0.0266022,0.0275266,0.0187983,0.0480227,0.00468695,10,1.15387,True,1.15387,within normal range · dans la plage normale
37247803B98457599359411,Hurghada 2,1507,30862.4,6808.01,Red Sea Governorate,1396,-0.00909023,110.998,0.00853717,-0.00909023,0.00709123,-0.0179275,0.0303817,0.72749,10,0.0854262,True,0.0854262,within normal range · dans la plage normale
37247803B77234514351972,Hush Isa,1505.21,258057,272.79,Beheira Governorate,1663.71,-0.0290969,-158.496,-0.0110623,-0.0290969,-0.0269408,-0.0471165,-0.00381376,0.0466226,10,-0.513469,True,-0.513469,within normal range · dans la plage normale
37247803B31369022265166,Hwamdeia,708.865,221387,20.6655,Giza Governorate,877.798,-0.0291014,-168.933,-0.0234704,-0.0291014,-0.0255105,-0.03559,-0.0174769,0.00221285,10,-0.513604,True,-0.513604,within normal range · dans la plage normale
37247803B4110362295427,Idku,1693.61,195200,158.723,Beheira Governorate,1416.39,0.0243853,277.226,0.0200602,0.0243853,0.0213959,0.0101571,0.0344173,0.00914848,10,1.08751,True,1.08751,within normal range · dans la plage normale
37247803B14597497558400,Imbaba,730.392,820037,7.73581,Giza Governorate,951.855,-0.0199743,-221.463,-0.028997,-0.0199743,-0.0199743,-0.0326814,-0.00754357,0.000946318,10,-0.240385,True,-0.240385,within normal range · dans la plage normale
37247803B76869719120733,Imbaba,3362.59,619263,200.853,Giza Governorate,4305.39,-0.0289148,-942.802,-0.0270882,-0.0289148,-0.0172277,-0.0437564,0.00213488,0.108313,10,-0.50802,True,-0.50802,within normal range · dans la plage normale
37247803B77757966140043,Ismailiyya,4415.34,331197,857.447,Ismailia Governorate,4028.68,-0.0013264,386.662,0.010235,-0.0013264,0.0058577,-0.0219678,0.0291913,0.72749,10,0.317835,True,0.317835,within normal range · dans la plage normale
37247803B86792300989473,Ismailiyya 1,820.446,65693.8,14.5352,Ismailia Governorate,771.269,-0.00132236,49.1777,0.00689162,-0.00132236,-0.00416404,-0.00983335,0.0113607,0.600654,10,0.317956,True,0.317956,within normal range · dans la plage normale
37247803B84345161552096,Ismailiyya 2,646.845,208575,20.5147,Ismailia Governorate,650.5,-0.00963521,-3.65493,-0.000625858,-0.00963521,-0.00355175,-0.017755,0.0105335,0.600654,10,0.0691122,True,0.0691122,within normal range · dans la plage normale
37247803B16335235875864,Ismailiyya 3,716.023,108339,8.54869,Ismailia Governorate,588.246,-8.77756e-05,127.777,0.0220809,-8.77756e-05,-7.6804e-05,-0.0164364,0.0230985,1,10,0.354913,True,0.354913,within normal range · dans la plage normale
37247803B29149830762978,Isna,2491,274992,236.959,Qena Governorate,3258.85,-0.0353794,-767.853,-0.0294134,-0.0353794,-0.0334527,-0.0439402,-0.0274103,2.97619e-05,10,-0.701536,True,-0.701536,within normal range · dans la plage normale
37247803B96571076642873,Itay Al-Barud,2271.61,495087,301.751,Beheira Governorate,3021.25,-0.0417485,-749.643,-0.0311903,-0.0417485,-0.0311903,-0.0621314,-0.00314515,0.0466226,10,-0.892194,True,-0.892194,within normal range · dans la plage normale
37247803B70717043240627,Kafr Al-Dawwar,717.847,327934,28.9101,Beheira Governorate,848.545,-0.0310363,-130.698,-0.0184135,-0.0310363,-0.0301773,-0.0401837,-0.0184135,0.00468695,10,-0.571527,True,-0.571527,within normal range · dans la plage normale
37247803B13171530844779,Kafr Al-Dawwar,3923.01,699690,525.514,Beheira Governorate,4412.2,-0.0217275,-489.19,-0.0129723,-0.0217275,-0.0241531,-0.0351977,-0.0111271,0.00914848,10,-0.292869,True,-0.292869,within normal range · dans la plage normale
37247803B88656028982840,Kafr Al-Shaykh,664.489,192909,23.809,Kafr el-Sheikh Governorate,669.789,-0.0170732,-5.29989,-0.000882306,-0.0170732,-0.0158581,-0.0382265,0.00609068,0.155742,10,-0.153543,True,-0.153543,within normal range · dans la plage normale
37247803B58059087530492,Kafr Al-Shaykh,2605.08,455720,394.397,Kafr el-Sheikh Governorate,2916.28,-0.0217348,-311.199,-0.01246,-0.0217348,-0.0191804,-0.0365666,0.00311443,0.0725502,10,-0.293088,True,-0.293088,within normal range · dans la plage normale
37247803B98548852573050,Kafr Al-Zayyat,1548.97,475289,198.786,Gharbiyya Governorate,2137.76,-0.0457755,-588.793,-0.0351635,-0.0457755,-0.0409189,-0.0618395,-0.0177721,0.00221285,10,-1.01274,True,-1.01274,within normal range · dans la plage normale
37247803B5447548481781,Kafr Sad,2033.12,375843,262.926,Damietta Governorate,2456.32,-0.0293535,-423.201,-0.0207912,-0.0293535,-0.0318821,-0.0429468,-0.0138056,0.0166661,10,-0.52115,True,-0.52115,within normal range · dans la plage normale
37247803B80912790531935,Kafr Saqr,1433.08,292813,187.645,Al Sharqia Governorate,1937.84,-0.0432109,-504.755,-0.0329714,-0.0432109,-0.0274328,-0.0588952,-0.00576441,0.00468695,10,-0.935971,True,-0.935971,within normal range · dans la plage normale
37247803B61393331220836,Kafr Shukr,642.62,184492,59.8766,Qalyubia Governorate,781.731,-0.0348341,-139.111,-0.0215377,-0.0348341,-0.0182541,-0.0399035,0.00749684,0.155742,10,-0.685212,True,-0.685212,within normal range · dans la plage normale
37247803B74669546915316,Kardasa,2926.76,846299,75.6571,Giza Governorate,3131.33,-0.00823207,-204.571,-0.00747879,-0.00823207,-0.00896556,-0.0207173,0.00344983,0.155742,10,0.111115,True,0.111115,within normal range · dans la plage normale
37247803B60489712487225,Karmuz,253.578,155255,3.39934,Alexandria Governorate,300.44,-0.026949,-46.8627,-0.0186657,-0.026949,-0.0249998,-0.0385623,-0.00882101,0.0166661,10,-0.449172,True,-0.449172,within normal range · dans la plage normale
37247803B38602183359422,Kawther,8.45016,2345.61,0.88856,Sohag Governorate,7.28972,0.0364547,1.16044,0.0165488,0.0364547,0.035079,-0.0445544,0.0668083,0.38072,10,1.44881,False,,low initial base · base initiale trop faible
37247803B97028957261557,Kesm Al-minya,765.932,314280,22.7826,Minya Governate,831.3,-0.0311207,-65.3677,-0.00905839,-0.0311207,-0.0278805,-0.0432082,-0.00640527,0.0166661,10,-0.574052,True,-0.574052,within normal range · dans la plage normale
37247803B33059704038679,Kesm Awal Assuit,563.497,282794,14.1378,Asyut Governorate,788.25,-0.0550286,-224.753,-0.0366079,-0.0550286,-0.0491203,-0.0701192,-0.0203028,0.00468695,10,-1.28973,True,-1.28973,within normal range · dans la plage normale
37247803B87955288089668,Kesm Mallawi,310.35,190214,18.4637,Minya Governate,361.712,-0.0329297,-51.3622,-0.0168725,-0.0329297,-0.0288735,-0.047283,-0.0133166,0.0166661,10,-0.628203,True,-0.628203,within normal range · dans la plage normale
37247803B59901173509251,Kesm Tahta,394.864,146990,14.1901,Sohag Governorate,379.393,-0.00111888,15.4715,0.004451,-0.00111888,0.0159292,-0.0321596,0.0500959,0.38072,10,0.324047,True,0.324047,within normal range · dans la plage normale
37247803B61972877463363,Kesm than Al Raml,1155.98,468444,27.1879,Alexandria Governorate,1517.08,-0.033884,-361.106,-0.0297532,-0.033884,-0.0297532,-0.0410401,-0.0184244,0.000357694,10,-0.656771,True,-0.656771,within normal range · dans la plage normale
37247803B53748377361433,Kesm Than Assuit,797.277,223692,13.2524,Asyut Governorate,921.339,-0.026182,-124.062,-0.0159411,-0.026182,-0.026182,-0.0410048,0.0010355,0.0725502,10,-0.426213,True,-0.426213,within normal range · dans la plage normale
37247803B74269871636707,Khsos,422.395,373771,6.01205,Qalyubia Governorate,551.461,-0.0316212,-129.065,-0.0291909,-0.0316212,-0.0296501,-0.0408469,-0.00743138,0.00468695,10,-0.589036,True,-0.589036,within normal range · dans la plage normale
37247803B37481118609375,Kum Hamada,2526.87,513905,323.676,Beheira Governorate,3154.86,-0.0321938,-627.989,-0.0243608,-0.0321938,-0.0253498,-0.0455732,-0.00908095,0.0166661,10,-0.606174,True,-0.606174,within normal range · dans la plage normale
37247803B5042289926655,Kum Umbu,2864.82,310107,251.216,Aswan Governorate,2367.74,0.0282488,497.086,0.0214004,0.0282488,0.0250583,0.00438447,0.0547162,0.0286095,10,1.20317,True,1.20317,within normal range · dans la plage normale
37247803B96963536963151,Luxor,1214.51,1.34294e+06,51.0105,Luxor Governate,1626.9,-0.0211499,-412.386,-0.0319596,-0.0211499,-0.0266356,-0.0439983,-0.00552897,0.0466226,10,-0.275579,True,-0.275579,within normal range · dans la plage normale
37247803B46466496002040,Luxor,1751.98,1.34173e+06,119.074,Luxor Governate,2457.32,-0.039712,-705.341,-0.0368938,-0.039712,-0.038748,-0.0466189,-0.0274139,0.00011519,10,-0.831231,True,-0.831231,within normal range · dans la plage normale
37247803B90563077233192,Maadi,1433.41,131755,26.6764,Cairo Governorate,1256.92,0.0197883,176.488,0.014706,0.0197883,0.0164642,0.00618156,0.027454,0.00468695,10,0.949901,True,0.949901,within normal range · dans la plage normale
37247803B60267904610722,Madinat Nasr-2,1457.75,87247,15.4762,Cairo Governorate,1541.05,-0.00508574,-83.2946,-0.00615501,-0.00508574,-0.00379987,-0.0190226,0.00653724,0.72749,10,0.2053,True,0.2053,within normal range · dans la plage normale
37247803B51586038654960,Mahalet Demna,181.808,57713.4,32.3275,Dakahlia Governorate,250.598,-0.0296106,-68.7908,-0.0350277,-0.0296106,-0.0205203,-0.0687186,0.0336826,0.861801,10,-0.528849,True,-0.528849,within normal range · dans la plage normale
37247803B38708414170128,Manfalut,1837.2,536935,196.826,Asyut Governorate,1779.81,-0.00554303,57.3866,0.00353224,-0.00554303,-0.00554303,-0.0212902,0.0101922,0.72749,10,0.191611,True,0.191611,within normal range · dans la plage normale
37247803B21688775597596,Manzala,1302.71,336400,226.116,Dakahlia Governorate,1357.61,-0.0225702,-54.9001,-0.00457606,-0.0225702,-0.00428754,-0.0472328,0.0274609,0.861801,10,-0.318095,True,-0.318095,within normal range · dans la plage normale
37247803B51665438591487,Marg,1186.9,573006,15.4599,Qalyubia Governorate,1465.57,-0.0218658,-278.665,-0.0231605,-0.0218658,-0.0205109,-0.0334485,-0.00620608,0.00468695,10,-0.29701,True,-0.29701,within normal range · dans la plage normale
37247803B9734537557155,Markz Abu Qurqas,2043.99,607350,280.805,Minya Governate,2334.75,-0.0175423,-290.764,-0.0146694,-0.0175423,-0.0146694,-0.0366961,0.012721,0.38072,10,-0.167585,True,-0.167585,within normal range · dans la plage normale
37247803B26025252880900,Markz Al Idwa,1997.4,270240,175.128,Minya Governate,1209.19,0.0294627,788.206,0.0573501,0.0294627,0.0382018,0.0207282,0.0634667,0.0166661,10,1.2395,True,1.2395,within normal range · dans la plage normale
37247803B71676379887746,Markz Al Minya,2448.95,671204,353.12,Minya Governate,2848.96,-0.0221991,-400.013,-0.0166701,-0.0221991,-0.0221991,-0.0367474,-0.00183298,0.0166661,10,-0.306985,True,-0.306985,within normal range · dans la plage normale
37247803B20583905741630,Markz Bani Mazar,2314.89,602874,280.17,Minya Governate,2693.98,-0.024762,-379.098,-0.01671,-0.024762,-0.0157801,-0.0518587,0.0202023,0.38072,10,-0.383707,True,-0.383707,within normal range · dans la plage normale
37247803B40134172984025,Markz Dir Mawas,1745.35,390447,191.81,Minya Governate,1639.29,0.00367804,106.062,0.00699024,0.00367804,-0.00247326,-0.0133494,0.0201799,0.600654,10,0.467642,True,0.467642,within normal range · dans la plage normale
37247803B21152276423955,Markz Maghagha,2430.6,568254,223.194,Minya Governate,2223.69,-0.00612925,206.915,0.00993484,-0.00612925,-0.000381455,-0.0248683,0.032085,1,10,0.174063,True,0.174063,within normal range · dans la plage normale
37247803B90937698610862,Markz Mallawi,1774.14,718531,290.008,Minya Governate,2039.32,-0.0192138,-265.187,-0.0153591,-0.0192138,-0.0192138,-0.0323946,0.00667102,0.155742,10,-0.21762,True,-0.21762,within normal range · dans la plage normale
37247803B33553459827704,Markz Matay,1178.74,314330,167.722,Minya Governate,1116.99,0.00496355,61.7461,0.00599625,0.00496355,0.0163836,-0.0237284,0.0477327,0.484313,10,0.506124,True,0.506124,within normal range · dans la plage normale
37247803B46419468197970,Markz Samalut,3499.37,765244,467.993,Minya Governate,3692.55,-0.00802926,-193.183,-0.00595278,-0.00802926,-0.00595278,-0.0351745,0.0256178,0.72749,10,0.117186,True,0.117186,within normal range · dans la plage normale
37247803B19297711577028,Marsa Alam,1560.44,5280.89,24342,Red Sea Governorate,740.663,0.0816421,819.773,0.0863215,0.0816421,0.0807067,0.0573815,0.128808,2.97619e-05,10,2.80148,True,2.80148,significant gain · hausse significative
37247803B7137912263252,Marsa Matruh,8144.21,262782,47848.4,Matrouh Governorate,7726.72,0.00405898,417.497,0.0058642,0.00405898,0.00271604,-0.0116303,0.0139038,0.861801,10,0.479046,True,0.479046,within normal range · dans la plage normale
37247803B39026546430649,Mashtul Al-Suq,781.576,205689,70.2737,Al Sharqia Governorate,940.782,-0.034785,-159.206,-0.0203892,-0.034785,-0.0290075,-0.0396159,-0.0142799,0.00468695,10,-0.683741,True,-0.683741,within normal range · dans la plage normale
37247803B28167369066586,Matariyya,303.338,138299,34.8395,Dakahlia Governorate,333.183,-0.0363328,-29.845,-0.0103729,-0.0363328,-0.015801,-0.0627813,0.0207889,0.216373,10,-0.730077,True,-0.730077,within normal range · dans la plage normale
37247803B6072823038125,Mina Al-Basal,498.376,294140,10.1993,Alexandria Governorate,463.187,0.0145616,35.1895,0.00816929,0.0145616,0.0169336,-0.0181278,0.0420333,0.484313,10,0.793441,True,0.793441,within normal range · dans la plage normale
37247803B62139513677683,Minshat Nasir,435.132,232698,5.15916,Cairo Governorate,569.031,-0.0265184,-133.898,-0.0293694,-0.0265184,-0.028328,-0.0432307,-0.0129088,0.000946318,10,-0.436283,True,-0.436283,within normal range · dans la plage normale
37247803B35886288843325,Minuf,1246.94,443281,190.072,Monufia Governorate,2177.32,-0.0698705,-930.376,-0.0600545,-0.0698705,-0.054623,-0.0942481,-0.0308355,0.000357694,10,-1.73402,True,-1.73402,within normal range · dans la plage normale
37247803B55746965305944,Minuf City,265.011,105734,16.2673,Monufia Governorate,341.173,-0.0525429,-76.1616,-0.0276783,-0.0525429,-0.0380836,-0.0620182,-0.0116247,0.0166661,10,-1.21532,True,-1.21532,within normal range · dans la plage normale
37247803B87041728070842,Minya Al-Nasr,962.671,293155,184.457,Damietta Governorate,1458.49,-0.060487,-495.818,-0.0451113,-0.060487,-0.0503548,-0.0793307,-0.00640052,0.0166661,10,-1.45313,True,-1.45313,within normal range · dans la plage normale
37247803B22128077926758,Minya al-Qamh,2804.2,757732,288.419,Al Sharqia Governorate,3816.5,-0.0398177,-1012.31,-0.0336666,-0.0398177,-0.0360247,-0.051669,-0.0184426,0.000946318,10,-0.834397,True,-0.834397,within normal range · dans la plage normale
37247803B70915432571750,Misr al-Gadida,910.25,117041,8.59449,Cairo Governorate,992.917,-0.00663931,-82.6678,-0.00961224,-0.00663931,-0.00726399,-0.0119127,0.000435682,0.0725502,10,0.158794,True,0.158794,within normal range · dans la plage normale
37247803B34541492244214,Misr Al-Qadima,853.384,255190,10.3222,Cairo Governorate,1093.6,-0.0338105,-240.22,-0.027182,-0.0338105,-0.0302093,-0.0429881,-0.0149995,0.000357694,10,-0.654572,True,-0.654572,within normal range · dans la plage normale
37247803B10909701940084,Mit Ghamr,470.856,127293,14.5175,Dakahlia Governorate,510.09,-0.0102334,-39.2346,-0.00885348,-0.0102334,-0.00662864,-0.0238025,0.0106071,0.38072,10,0.0512043,True,0.0512043,within normal range · dans la plage normale
37247803B25153322962327,Mit Ghamr,2216.32,670983,238.264,Dakahlia Governorate,3254.18,-0.0437642,-1037.86,-0.041779,-0.0437642,-0.0246255,-0.0619118,-0.00135098,0.0286095,10,-0.952532,True,-0.952532,within normal range · dans la plage normale
37247803B51096510617520,MIt Salsil,382.719,76710.8,108.697,Damietta Governorate,445.095,-0.0346127,-62.3755,-0.0166362,-0.0346127,-0.0250853,-0.0501267,0.000558841,0.0725502,10,-0.678585,True,-0.678585,within normal range · dans la plage normale
37247803B73956026156280,Mitubas,1055.08,277851,271.365,Kafr el-Sheikh Governorate,903.058,0.00413688,152.02,0.0174373,0.00413688,-0.00258215,-0.0226517,0.0408447,0.861801,10,0.481378,True,0.481378,within normal range · dans la plage normale
37247803B27460825727162,Mubark-Sharq Tafrea,711.97,3387.33,521.543,Port Said Governorate,197.219,0.0805407,514.751,0.153309,0.0805407,0.088873,0.00750343,0.186538,0.0286095,10,2.76851,False,,low initial base · base initiale trop faible
37247803B18141858630320,Muharam Bik,698.422,356718,11.0469,Alexandria Governorate,861.267,-0.0334198,-162.845,-0.0230177,-0.0334198,-0.029681,-0.0461083,-0.0209037,0.00221285,10,-0.642875,True,-0.642875,within normal range · dans la plage normale
37247803B90463856595624,Muntazah,2926.56,1.40473e+06,77.2684,Alexandria Governorate,3419.58,-0.0247616,-493.012,-0.0171499,-0.0247616,-0.0217002,-0.0378949,-0.00523305,0.0166661,10,-0.383694,True,-0.383694,within normal range · dans la plage normale
37247803B88500614059504,Muski,100.439,31439.7,0.859769,Cairo Governorate,109.11,-0.0130067,-8.67069,-0.00915815,-0.0130067,-0.00915815,-0.0185893,0,0.0271212,10,-0.031813,False,,low initial base · base initiale trop faible
37247803B20461221508658,Nag Hammadi,2251.17,368766,188.287,Qena Governorate,3299.23,-0.0479428,-1048.06,-0.0415817,-0.0479428,-0.03949,-0.0504837,-0.024356,0.000357694,10,-1.07762,True,-1.07762,within normal range · dans la plage normale
37247803B50825531526089,Nakhl,673.885,9515.19,6633.31,North Sinai Governorate,385.441,0.0764974,288.444,0.0640416,0.0764974,0.0479799,0.0055016,0.0909588,0.0466226,10,2.64748,True,2.64748,significant gain · hausse significative
37247803B87719226438942,Naqada,979.903,122049,92.0435,Luxor Governate,1210.66,-0.02217,-230.761,-0.0232228,-0.02217,-0.0232228,-0.0429484,-0.00270064,0.0286095,10,-0.306115,True,-0.306115,within normal range · dans la plage normale
37247803B95648929265509,Nasir,1636.17,358487,202.916,Beni Suef Governorate,1722.43,-0.0133264,-86.2573,-0.00569223,-0.0133264,-0.0094043,-0.023963,0.00740991,0.38072,10,-0.0413822,True,-0.0413822,within normal range · dans la plage normale
37247803B32135052764998,Nasr,1733.44,96868.7,189.784,Aswan Governorate,1191.45,0.0388634,541.996,0.0425401,0.0388634,0.0426377,0.0221872,0.0679156,0.000946318,10,1.52091,True,1.52091,within normal range · dans la plage normale
37247803B64528254011318,Nasr City,6293.4,538174,76.5277,Cairo Governorate,5146.7,0.0290441,1146.7,0.0226011,0.0290441,0.0251216,0.0118337,0.0353399,0.00914848,10,1.22697,True,1.22697,within normal range · dans la plage normale
37247803B57477737935705,Nebro,951.06,282766,162.399,Dakahlia Governorate,1505.29,-0.0615837,-554.226,-0.0497383,-0.0615837,-0.0528537,-0.0777639,-0.021635,0.00221285,10,-1.48596,True,-1.48596,within normal range · dans la plage normale
37247803B99181648743437,New Cairo-1,8873.42,33268.7,172.018,Cairo Governorate,5814.49,0.0592711,3058.93,0.048088,0.0592711,0.0625903,0.0266311,0.079657,0.000357694,10,2.13181,True,2.13181,within normal range · dans la plage normale
37247803B58056872224952,New Cairo-2,6024.08,41575.6,174.5,Cairo Governorate,3116.3,0.100705,2907.78,0.0759839,0.100705,0.0935229,0.0563443,0.128288,0.00011519,10,3.37212,True,3.37212,significant gain · hausse significative
37247803B49811870233448,New Cairo-3,3800.56,51741.9,116.164,Cairo Governorate,1529.03,0.130713,2271.54,0.106463,0.130713,0.134172,0.101844,0.165956,0.000946318,10,4.27043,True,4.27043,significant gain · hausse significative
37247803B40620949995251,New Minya,376.071,6851.39,16.6466,Minya Governate,265.415,0.0370674,110.656,0.0394797,0.0370674,0.0421192,0.0235341,0.0654717,0.00221285,10,1.46715,True,1.46715,within normal range · dans la plage normale
37247803B38142631960117,North Coast,211.153,2309.05,8.51984,Matrouh Governorate,263.753,-0.00856132,-52.5995,-0.0244113,-0.00856132,-0.00925852,-0.0332606,0.00467521,0.291248,10,0.101259,True,0.101259,within normal range · dans la plage normale
37247803B36627997079635,North Coast,84.471,154.13,10.232,,88.6529,-0.011944,-4.18192,-0.00535458,-0.011944,-0.0100404,-0.0305403,0.00722777,0.216373,10,0,False,,low initial base · base initiale trop faible
37247803B65833428461725,Nubariyya West,999.268,50783.2,1783.31,Beheira Governorate,687.355,0.0532622,311.913,0.0424509,0.0532622,0.0436688,0.0256837,0.066915,0.000357694,10,1.95194,True,1.95194,within normal range · dans la plage normale
37247803B27009685632556,Nuweiba,455.709,8750.46,5562.98,South Sinai Governorate,597.957,-0.0212868,-142.248,-0.0297339,-0.0212868,-0.0247902,-0.0375043,-0.0115819,0.00914848,10,-0.279675,True,-0.279675,within normal range · dans la plage normale
37247803B21469576264473,Nuzha,4174.7,219710,56.7112,Cairo Governorate,3805.77,0.0144224,368.93,0.0103335,0.0144224,0.0157934,0.00124782,0.0228651,0.0466226,10,0.789274,True,0.789274,within normal range · dans la plage normale
37247803B13722182372819,Paris Paris,760.18,302.619,37418.1,New Valley Governorate,51.0351,0.45954,709.145,0.350015,0.45954,0.406784,0.212149,0.574889,2.97619e-05,10,14.1138,False,,low initial base · base initiale trop faible
37247803B59643082406240,Police Department Port of Damietta,25.706,2934.89,11.8619,Damietta Governorate,27.2823,0.0219363,-1.57627,-0.0065907,0.0219363,0.025132,-0.0207179,0.0494886,0.291248,10,1.0142,False,,low initial base · base initiale trop faible
37247803B70757387881176,Police Department Port Said Port,243.264,9655.14,2.54747,,193.727,0.0255908,49.5375,0.0256227,0.0255908,0.0212632,0.00508455,0.0377311,0.00221285,10,1.1236,False,,low initial base · base initiale trop faible
37247803B3923529194747,Port Alexandria Police Department,0,24576.5,2.54924,Alexandria Governorate,0,,0,,,,,,,0,,False,,low initial base · base initiale trop faible
37247803B75399963690534,Port Fuad,424.982,71796.8,10.1919,Port Said Governorate,337.193,0.0322953,87.7887,0.0260434,0.0322953,0.0299068,0.0206994,0.0400177,0.000357694,10,1.32429,True,1.32429,within normal range · dans la plage normale
37247803B45623855174262,Port Fuad 2,230.207,7801.09,18.694,Port Said Governorate,88.3146,0.119175,141.893,0.112325,0.119175,0.112325,0.0670034,0.140375,2.97619e-05,10,3.92503,False,,low initial base · base initiale trop faible
37247803B57319556498410,Port Suez Police Department,14.064,240.538,5.16748,,11.3598,0.000781367,2.70424,0.0240104,0.000781367,0.00834618,-0.0072181,0.0240104,0.291248,10,0.380931,False,,low initial base · base initiale trop faible
37247803B19157845766633,Qaha,260.464,49081,18.8704,Qalyubia Governorate,278.398,-0.0137897,-17.9337,-0.00737114,-0.0137897,-0.00212821,-0.0235119,0.0218457,0.861801,10,-0.0552532,True,-0.0552532,within normal range · dans la plage normale
37247803B29662728717232,Qalyub,844.764,132780,27.477,Qalyubia Governorate,928.836,-0.00680775,-84.0723,-0.0104863,-0.00680775,-0.0104863,-0.0215721,-0.00174186,0.0166661,10,0.153752,True,0.153752,within normal range · dans la plage normale
37247803B25886032732937,Qalyub,1919.96,539896,94.4246,Qalyubia Governorate,2282.47,-0.0180876,-362.51,-0.0190336,-0.0180876,-0.0158447,-0.0262863,-0.00327499,0.00914848,10,-0.183909,True,-0.183909,within normal range · dans la plage normale
37247803B61234943331501,Qanatir Al-Khayriyya,1922.76,476708,101.28,Qalyubia Governorate,2868.18,-0.0440944,-945.425,-0.0434626,-0.0440944,-0.0434626,-0.0549423,-0.0206289,0.000357694,10,-0.962419,True,-0.962419,within normal range · dans la plage normale
37247803B15873621471618,"Qantara Gharb, al-",2899.2,146765,498.546,Ismailia Governorate,2916.15,-0.0193373,-16.951,-0.00064754,-0.0193373,-0.0127287,-0.0277711,-0.00064754,0.0466226,10,-0.221318,True,-0.221318,within normal range · dans la plage normale
37247803B91574784842387,"Qantara Sharq, al-",2438.95,54065.1,3119.72,Ismailia Governorate,1543.35,0.0420413,895.599,0.0521605,0.0420413,0.0390277,0.0166609,0.0622354,0.00468695,10,1.61604,True,1.61604,within normal range · dans la plage normale
37247803B24800496222401,Qasima,225.622,6261.27,3211.41,North Sinai Governorate,115.383,0.106769,110.239,0.0773576,0.106769,0.121212,0.0656997,0.151921,0.00221285,10,3.55364,False,,low initial base · base initiale trop faible
37247803B52731964573716,Qasr Al-Nile,109.11,18379.6,0.859769,Cairo Governorate,109.11,0,0,0,0,0,0,0,,10,0.357541,False,,low initial base · base initiale trop faible
37247803B3351007317987,Qift,546.668,100523,59.8177,Qena Governorate,945.792,-0.0644951,-399.124,-0.0590911,-0.0644951,-0.0566664,-0.0744826,-0.0403835,2.97619e-05,10,-1.57311,True,-1.57311,within normal range · dans la plage normale
37247803B73362886902816,Qillin,993.499,264458,153.978,Kafr el-Sheikh Governorate,987.982,-0.00560706,5.51676,0.000618895,-0.00560706,-0.00649619,-0.020798,0.0184062,0.861801,10,0.189694,True,0.189694,within normal range · dans la plage normale
37247803B63367317087021,Qina,567.675,151392,24.0707,Qena Governorate,1449.84,-0.10483,-882.165,-0.0989409,-0.10483,-0.0989409,-0.109515,-0.0872435,5.51146e-07,10,-2.78051,True,-2.78051,significant loss · baisse significative
37247803B17837872993253,Qina,1729.45,278101,179.265,Qena Governorate,3046.63,-0.0659007,-1317.18,-0.0609766,-0.0659007,-0.0576211,-0.0671529,-0.0503843,5.51146e-06,10,-1.61518,True,-1.61518,within normal range · dans la plage normale
37247803B94417968817411,Qina City,138.14,0,7.13137,Qena Governorate,201.152,-0.046946,-63.0118,-0.040895,-0.046946,-0.0662783,-0.09401,-0.0255938,0.00914848,10,-1.04778,False,,low initial base · base initiale trop faible
37247803B18399614023642,Qurin,263.273,82089.3,22.2259,Al Sharqia Governorate,336.466,-0.043972,-73.1934,-0.0268882,-0.043972,-0.0450356,-0.0633458,-0.0216617,0.00468695,10,-0.958755,True,-0.958755,within normal range · dans la plage normale
37247803B95427647060127,Qus,1431.74,298997,141.202,Luxor Governate,1844.28,-0.0355248,-412.538,-0.027741,-0.0355248,-0.03207,-0.0500228,-0.0186915,0.000946318,10,-0.705887,True,-0.705887,within normal range · dans la plage normale
37247803B34734253794751,Qusir,1316.07,47942.1,11617.9,Red Sea Governorate,975.654,0.0198574,340.42,0.0338147,0.0198574,0.0222712,0.000132333,0.0573907,0.0466226,10,0.951968,True,0.951968,within normal range · dans la plage normale
37247803B52105005453844,Qutur,1477.25,353517,235.916,Gharbiyya Governorate,1729.75,-0.0307375,-252.508,-0.0173805,-0.0307375,-0.0268957,-0.06577,0.0196943,0.291248,10,-0.562582,True,-0.562582,within normal range · dans la plage normale
37247803B73326223517768,Quwisna,1951.87,503786,206.145,Monufia Governorate,2900.49,-0.0487511,-948.621,-0.0430559,-0.0487511,-0.0432592,-0.0541857,-0.036969,2.97619e-05,10,-1.10182,True,-1.10182,within normal range · dans la plage normale
37247803B35204215208430,Rafah,1796.79,114380,1022.3,North Sinai Governorate,1104.64,0.0662752,692.154,0.0555415,0.0662752,0.0607692,-0.0227661,0.156127,0.108313,10,2.34148,True,2.34148,within normal range · dans la plage normale
37247803B87284090425389,Ras al-Bar,202,15642.7,3.38743,Damietta Governorate,215.196,-0.0130962,-13.1968,-0.00700705,-0.0130962,-0.0129537,-0.0297129,0.00327477,0.155742,10,-0.0344908,True,-0.0344908,within normal range · dans la plage normale
37247803B82534825994477,Ras Gharib,2385.21,27544.9,10415.7,Red Sea Governorate,1732.8,0.0467083,652.416,0.0361436,0.0467083,0.0415226,0.0278861,0.051309,0.000357694,10,1.75574,True,1.75574,within normal range · dans la plage normale
37247803B11741715008069,Ras Sidr,1742.71,16366.6,8055.57,South Sinai Governorate,829.766,0.0867671,912.941,0.0859445,0.0867671,0.0855315,0.0615123,0.107053,2.97619e-05,10,2.9549,True,2.9549,significant gain · hausse significative
37247803B15072818430421,Rashid,1523.22,244040,184.918,Beheira Governorate,1304.04,0.0208959,219.185,0.0174124,0.0208959,0.0201511,-0.00221997,0.0419291,0.108313,10,0.983057,True,0.983057,within normal range · dans la plage normale
37247803B2291437615199,Riyad,908.869,174842,268.142,Kafr el-Sheikh Governorate,1088.26,-0.0244425,-179.388,-0.0198156,-0.0244425,-0.0209941,-0.0361271,-0.0047142,0.0166661,10,-0.374141,True,-0.374141,within normal range · dans la plage normale
37247803B92272311463105,Rud Al-Farag,207.538,116256,1.71915,Cairo Governorate,218.22,-0.00393111,-10.6814,-0.00556075,-0.00393111,-0.00380948,-0.00686929,0,0.00818244,10,0.239864,True,0.239864,within normal range · dans la plage normale
37247803B2824633862511,Rummana,890.287,38822.7,546.828,North Sinai Governorate,720.825,0.01908,169.462,0.0237382,0.01908,0.0242747,0.00293698,0.0509105,0.0286095,10,0.928696,True,0.928696,within normal range · dans la plage normale
37247803B47904528840221,Sadat City,5987.33,181414,599.06,Monufia Governorate,3819.95,0.0496116,2167.38,0.0512019,0.0496116,0.0508261,0.045518,0.058067,2.97619e-05,10,1.84266,True,1.84266,within normal range · dans la plage normale
37247803B22185494316404,Saf,2326.25,312015,129.514,Giza Governorate,2802.34,-0.0269428,-476.095,-0.0204762,-0.0269428,-0.0177763,-0.0418104,0.00426788,0.0725502,10,-0.448989,True,-0.448989,within normal range · dans la plage normale
37247803B18851026884182,Safaga,3195.75,75736.2,4737.3,Red Sea Governorate,2497.31,0.0106395,698.436,0.0277795,0.0106395,0.0129213,-0.00679646,0.0641283,0.216373,10,0.676032,True,0.676032,within normal range · dans la plage normale
37247803B82943552263009,Sahil Silim,527.64,171573,51.301,Asyut Governorate,503.177,-0.0238762,24.4621,0.00528843,-0.0238762,-0.0218325,-0.038274,0.00191014,0.108313,10,-0.35719,True,-0.35719,within normal range · dans la plage normale
37247803B99889104547734,Salloum,787.644,17899.7,12830.9,Matrouh Governorate,340.549,0.0975739,447.095,0.0976432,0.0975739,0.0895324,0.0599799,0.131436,0.00011519,10,3.2784,True,3.2784,significant gain · hausse significative
37247803B28688372464969,Samannud,1148.64,367717,150.764,Gharbiyya Governorate,1744.56,-0.0580947,-595.925,-0.0453746,-0.0580947,-0.0439845,-0.0674436,-0.0229859,0.000946318,10,-1.38151,True,-1.38151,within normal range · dans la plage normale
37247803B38427943153509,Sant Katrin,714.328,10790.2,3349.97,South Sinai Governorate,616.602,0.0190961,97.7262,0.0164809,0.0190961,0.00991917,-0.0111897,0.0306641,0.600654,10,0.929179,True,0.929179,within normal range · dans la plage normale
37247803B92664797200587,Santa,1269.69,475595,221.057,Gharbiyya Governorate,1896.82,-0.0557141,-627.127,-0.0436205,-0.0557141,-0.0401619,-0.0792061,-0.00258423,0.0286095,10,-1.31025,True,-1.31025,within normal range · dans la plage normale
37247803B11540085647408,Saqulta,805.818,195577,61.2351,Sohag Governorate,603.63,0.0469371,202.188,0.0326203,0.0469371,0.0535458,0.00923218,0.0815008,0.0166661,10,1.7626,True,1.7626,within normal range · dans la plage normale
37247803B41278628102289,Sayyida Zainab,376.468,132960,3.43985,Cairo Governorate,436.439,-0.0208951,-59.9709,-0.0162898,-0.0208951,-0.0183073,-0.032067,0,0.00948455,10,-0.26795,True,-0.26795,within normal range · dans la plage normale
37247803B26246524516343,Shallatin,600.057,10184,49433.4,Red Sea Governorate,184.41,0.148411,415.648,0.140077,0.148411,0.148816,0.09902,0.190346,5.51146e-07,10,4.8002,False,,low initial base · base initiale trop faible
37247803B39887765706268,Sharm el-Sheikh,7095.47,76194.2,2618.41,South Sinai Governorate,4429.92,0.0897643,2665.55,0.0537358,0.0897643,0.066927,0.0242765,0.109543,0.00914848,10,3.04462,True,3.04462,significant gain · hausse significative
37247803B86158206640686,Shaykh Zayed,3667.11,43561.5,39.5506,Giza Governorate,3013.43,0.0175345,653.674,0.0220533,0.0175345,0.0220533,0.00890932,0.0346499,0.0166661,10,0.882433,True,0.882433,within normal range · dans la plage normale
37247803B84548629991625,Shaykh Zuwayd,773.596,56826.9,2422.37,North Sinai Governorate,480.71,0.0451811,292.886,0.0542873,0.0451811,0.0417363,0.00800785,0.098217,0.0166661,10,1.71003,True,1.71003,within normal range · dans la plage normale
37247803B46387157880741,Shibin al-Kum,746.756,237233,25.6602,Monufia Governorate,712.906,-0.00353927,33.8499,0.00516761,-0.00353927,0.00143701,-0.0350068,0.018801,1,10,0.251593,True,0.251593,within normal range · dans la plage normale
37247803B79022336260348,Shibin al-Kum,1402.58,454550,161.648,Monufia Governorate,2354.93,-0.0583767,-952.345,-0.0559511,-0.0583767,-0.0593162,-0.0715724,-0.0421824,0.00011519,10,-1.38996,True,-1.38996,within normal range · dans la plage normale
37247803B12662956160688,Shibin al-Qanatir,2070.62,552648,145.796,Qalyubia Governorate,2192.74,-0.00829708,-122.124,-0.00634706,-0.00829708,-0.000581628,-0.0206211,0.0171501,1,10,0.109169,True,0.109169,within normal range · dans la plage normale
37247803B76793683664752,Shirbin,1504.88,422726,262.397,Damietta Governorate,1904.84,-0.0363159,-399.958,-0.0258471,-0.0363159,-0.0245002,-0.0571289,0.00981132,0.484313,10,-0.729571,True,-0.729571,within normal range · dans la plage normale
37247803B54771343993886,Shroq,4784.72,32685.4,165.8,Cairo Governorate,3331.74,0.045388,1452.97,0.0410341,0.045388,0.0525484,0.0362215,0.0760561,0.000946318,10,1.71622,True,1.71622,within normal range · dans la plage normale
37247803B2980274366801,Shubra,95.0697,50526.8,0.859613,Cairo Governorate,109.11,-0.0194855,-14.0401,-0.0151884,-0.0194855,-0.0151884,-0.0295503,0,0.0123044,10,-0.225753,False,,low initial base · base initiale trop faible
37247803B87868406017087,Shubra Al-Khayma 1,870.491,538722,9.45035,Qalyubia Governorate,1017.84,-0.0175054,-147.345,-0.0172251,-0.0175054,-0.0172251,-0.0271414,-0.00805625,0.000946318,10,-0.166481,True,-0.166481,within normal range · dans la plage normale
37247803B84983151070332,Shubra Al-Khayma 2,1810.1,792231,18.0399,Qalyubia Governorate,2121.28,-0.0175971,-311.173,-0.0174716,-0.0175971,-0.0168173,-0.0200259,-0.0106284,0.00468695,10,-0.169225,True,-0.169225,within normal range · dans la plage normale
37247803B97013363059523,Shubra Khît,1150.25,292817,186.457,Beheira Governorate,1561.47,-0.0408407,-411.217,-0.0333905,-0.0408407,-0.0417333,-0.0580649,-0.019085,0.00468695,10,-0.865018,True,-0.865018,within normal range · dans la plage normale
37247803B72914028370389,Sidfa,755.826,197936,79.6906,Sohag Governorate,754.039,-0.0226961,1.78695,0.000263039,-0.0226961,-0.00831058,-0.0527234,0.0329476,0.291248,10,-0.321862,True,-0.321862,within normal range · dans la plage normale
37247803B34514127980105,Sidi Barani,1519.31,44646.9,16245.3,Matrouh Governorate,1981.28,-0.0369894,-461.973,-0.0290678,-0.0369894,-0.0324416,-0.0742587,-0.00165051,0.0466226,10,-0.749731,True,-0.749731,within normal range · dans la plage normale
37247803B76316502393625,Sidi Gabir,799.037,264129,10.1942,Alexandria Governorate,1018.26,-0.0367971,-219.225,-0.0265788,-0.0367971,-0.0394015,-0.0470534,-0.0306075,0.000357694,10,-0.743973,True,-0.743973,within normal range · dans la plage normale
37247803B12762735296795,Sidi Salim,1572.79,412885,489.494,Kafr el-Sheikh Governorate,1584.41,-0.021101,-11.6124,-0.00081702,-0.021101,-0.018488,-0.0328732,0.00681288,0.155742,10,-0.274116,True,-0.274116,within normal range · dans la plage normale
37247803B43017025732324,Sinbillawin,2108.23,581197,304.358,Dakahlia Governorate,2708.4,-0.0322188,-600.168,-0.0274505,-0.0322188,-0.0180712,-0.0567523,0.0115453,0.291248,10,-0.606924,True,-0.606924,within normal range · dans la plage normale
37247803B57049820860179,Sinuras,2455.29,594607,231.863,Faiyum Governorate,2423.73,-0.0119899,31.5554,0.00143829,-0.0119899,-0.0119899,-0.0288395,0.0153451,0.484313,10,-0.00137533,True,-0.00137533,within normal range · dans la plage normale
37247803B52946313788554,Sirs Al-Layyana City,251.806,71198.5,17.9837,Monufia Governorate,392.312,-0.0617116,-140.506,-0.0480727,-0.0617116,-0.049305,-0.0676536,-0.027726,0.000946318,10,-1.48979,True,-1.48979,within normal range · dans la plage normale
37247803B75450946768070,Siwa,809.921,25908.4,37852.7,Matrouh Governorate,560.938,0.043778,248.982,0.0416582,0.043778,0.0484624,0.0177599,0.0759595,0.00914848,10,1.66803,True,1.66803,within normal range · dans la plage normale
37247803B22529416419300,Suez,586.821,69420,12.0477,Suez Governorate,536.102,0.00414046,50.7186,0.0100945,0.00414046,0.00614357,-0.0096562,0.0174295,0.600654,10,0.481485,True,0.481485,within normal range · dans la plage normale
37247803B36599937729420,Suhag,353.709,146601,6.21978,Sohag Governorate,253.299,0.00352447,100.41,0.0377972,0.00352447,0.0211709,-0.0164331,0.0555647,0.484313,10,0.463045,True,0.463045,within normal range · dans la plage normale
37247803B47370411243252,Suhag,2389.95,516536,167.038,Sohag Governorate,1762.7,0.0278688,627.256,0.034404,0.0278688,0.0552537,0.00952181,0.0887287,0.0286095,10,1.19179,True,1.19179,within normal range · dans la plage normale
37247803B53988405424911,Suhag-2,149.406,86021.7,2.66589,Sohag Governorate,139.783,-0.0308686,9.6228,0.00742465,-0.0308686,-0.0255566,-0.0367184,0.00987833,0.216373,10,-0.566506,False,,low initial base · base initiale trop faible
37247803B45887361748458,Suhag City,14.8,62.1308,15.1146,New Valley Governorate,8.42281,0.116003,6.37721,0.0646347,0.116003,0.102064,0.00947527,0.171789,0.0286095,10,3.83007,False,,low initial base · base initiale trop faible
37247803B50724482845491,Sumusta,1016.24,262945,129.512,Beni Suef Governorate,781.988,-0.00269584,234.253,0.029542,-0.00269584,0.0256539,-0.0432835,0.0756853,0.72749,10,0.276841,True,0.276841,within normal range · dans la plage normale
37247803B8228928204650,Taba,52.5961,2369.6,79.5371,South Sinai Governorate,57.5559,-0.00722642,-4.95974,-0.00996267,-0.00722642,-0.00708431,-0.0375011,0.0245963,0.72749,10,0.141219,False,,low initial base · base initiale trop faible
37247803B8272861874741,Tahta,1329.94,308324,133.012,Sohag Governorate,1355.53,0.00528179,-25.587,-0.00211514,0.00528179,0.0100033,-0.023381,0.0415615,0.72749,10,0.51565,True,0.51565,within normal range · dans la plage normale
37247803B71444962307175,"Tal al-Kabir, al-",3658.5,200186,802.562,Ismailia Governorate,2968.95,0.013141,689.546,0.0234762,0.013141,0.0223854,-0.0164556,0.0396426,0.216373,10,0.750914,True,0.750914,within normal range · dans la plage normale
37247803B52680576777799,Tala,1049.36,383690,184.517,Monufia Governorate,1931.48,-0.0725863,-882.113,-0.0655423,-0.0725863,-0.0608597,-0.0963145,-0.0375911,0.000357694,10,-1.81532,True,-1.81532,within normal range · dans la plage normale
37247803B18011904824806,Talkha,1863.5,394415,147.123,Dakahlia Governorate,2674.04,-0.0537817,-810.543,-0.0393318,-0.0537817,-0.0435582,-0.0831015,-0.0100525,0.0166661,10,-1.25241,True,-1.25241,within normal range · dans la plage normale
37247803B5321471482777,Tama,1958.35,424750,150.636,Sohag Governorate,1729.98,0.00579457,228.38,0.0138729,0.00579457,0.0127109,-0.000760714,0.0341848,0.0725502,10,0.531,True,0.531,within normal range · dans la plage normale
37247803B352337860507,Tamy Al-Amdid,662.048,183510,129.488,Dakahlia Governorate,609.844,-0.00712662,52.2046,0.00916798,-0.00712662,0.0204499,-0.0383963,0.0600119,0.484313,10,0.144206,True,0.144206,within normal range · dans la plage normale
37247803B840289217117,Tamya,2653.49,430715,301.814,Faiyum Governorate,3008.9,-0.0291998,-355.415,-0.0138696,-0.0291998,-0.025597,-0.0354595,-0.00883408,0.0466226,10,-0.516551,True,-0.516551,within normal range · dans la plage normale
37247803B22733539273982,Tanta,2627.34,697453,309.647,Gharbiyya Governorate,3727.98,-0.0498936,-1100.65,-0.0381315,-0.0498936,-0.0461967,-0.0643313,-0.0363331,0.000946318,10,-1.13602,True,-1.13602,within normal range · dans la plage normale
37247803B50363997957176,Tanta 1,641.169,222732,11.9453,Gharbiyya Governorate,722.986,-0.0283693,-81.8172,-0.0132555,-0.0283693,-0.02774,-0.0409684,-0.00832934,0.0166661,10,-0.491689,True,-0.491689,within normal range · dans la plage normale
37247803B26296956455174,Tanta 2,567.364,293060,10.2401,Gharbiyya Governorate,832.131,-0.0542177,-264.767,-0.0416616,-0.0542177,-0.0562163,-0.077814,-0.0203657,0.00221285,10,-1.26546,True,-1.26546,within normal range · dans la plage normale
37247803B46763181924450,Tiba police station,503.985,359760,44.7381,Luxor Governate,668.066,-0.0319441,-164.081,-0.0308304,-0.0319441,-0.0306996,-0.0394073,-0.0207849,0.00011519,10,-0.598701,True,-0.598701,within normal range · dans la plage normale
37247803B54771061850383,Tukh,2200.83,592759,212.588,Qalyubia Governorate,3105.47,-0.0448098,-904.644,-0.0375365,-0.0448098,-0.0187559,-0.0654379,0.0102328,0.155742,10,-0.983833,True,-0.983833,within normal range · dans la plage normale
37247803B1884066406604,Tura,2367.85,101998,95.5431,Cairo Governorate,2241.8,-0.00221658,126.047,0.00609651,-0.00221658,0.000283377,-0.0139565,0.0209967,1,10,0.291188,True,0.291188,within normal range · dans la plage normale
37247803B52387591644217,Tushaka,13.2216,3150.42,247.115,Aswan Governorate,0,,13.2216,,,1.2181,-0.208106,5.73198,0.136111,7,,False,,low initial base · base initiale trop faible
37247803B30889137034133,Umraniyya,1270.7,1.05153e+06,15.4851,Giza Governorate,1485.67,-0.0188037,-214.972,-0.0172167,-0.0188037,-0.0164727,-0.0284172,-0.00558075,0.0166661,10,-0.205344,True,-0.205344,within normal range · dans la plage normale
37247803B8184364272320,Wadi Al-NatrUn,84.2082,49864.3,17.1355,Beheira Governorate,61.6527,0.0314339,22.5555,0.0352487,0.0314339,0.0352487,0.0226213,0.0465837,0.00011519,10,1.29851,False,,low initial base · base initiale trop faible
37247803B78325352338503,Waraq,1552.6,816221,29.2179,Giza Governorate,1898.33,-0.0238918,-345.725,-0.0220902,-0.0238918,-0.0193428,-0.0413063,-0.00066483,0.0466226,10,-0.357656,True,-0.357656,within normal range · dans la plage normale
37247803B96193438521946,Yousef El sadeq,1793.64,371018,238.071,Faiyum Governorate,1772.67,-0.00245045,20.9784,0.00130807,-0.00245045,0.00417588,-0.0217617,0.0363153,0.600654,10,0.284187,True,0.284187,within normal range · dans la plage normale
37247803B72756565577460,Zamalik,238.534,31750.3,2.57907,Giza Governorate,283.957,-0.0158187,-45.4231,-0.0191816,-0.0158187,-0.0168631,-0.035505,-0.00350126,0.0286095,10,-0.11599,True,-0.11599,within normal range · dans la plage normale
37247803B86566880158535,Zaqaziq,3974.72,934129,325.792,Al Sharqia Governorate,5240.27,-0.0344759,-1265.55,-0.0302464,-0.0344759,-0.0302464,-0.0423535,-0.0174483,0.00011519,10,-0.674491,True,-0.674491,within normal range · dans la plage normale
37247803B90697971403179,Zaqaziq 1,207.531,185931,3.42052,Al Sharqia Governorate,305.613,-0.0465213,-98.0821,-0.0420927,-0.0465213,-0.0430591,-0.0633169,-0.0146489,0.000946318,10,-1.03507,True,-1.03507,within normal range · dans la plage normale
37247803B33284186287576,Zaqaziq 2,195.048,147044,3.41997,Al Sharqia Governorate,280.816,-0.0497951,-85.7682,-0.039686,-0.0497951,-0.0401409,-0.0614508,-0.018581,0.000946318,10,-1.13307,True,-1.13307,within normal range · dans la plage normale
37247803B96389835129643,Zarqa,462.89,148128,64.5601,Damietta Governorate,706.653,-0.059499,-243.763,-0.045918,-0.059499,-0.0561044,-0.0806065,-0.0248094,0.00468695,10,-1.42355,True,-1.42355,within normal range · dans la plage normale
37247803B37865224267935,Zawiyya Al-Hamra,624.016,371792,5.15611,Cairo Governorate,654.659,-0.00307749,-30.6424,-0.00531223,-0.00307749,-0.000682676,-0.00688201,0,0.149541,10,0.265417,True,0.265417,within normal range · dans la plage normale
37247803B46264859714526,Zemam Out,8166.33,11578.9,1512.69,Cairo Governorate,2818.78,0.136785,5347.55,0.125459,0.136785,0.14132,0.108793,0.162688,5.51146e-07,10,4.45217,True,4.45217,significant gain · hausse significative
37247803B99104887182997,Zemam Out,769.59,266.647,810.436,Alexandria Governorate,451.194,0.0767304,318.396,0.0611242,0.0767304,0.0595426,0.0197272,0.0961231,0.00468695,10,2.65445,True,2.65445,significant gain · hausse significative
37247803B97784107411787,Zemam Out,5329.12,12766.1,730.623,Al Sharqia Governorate,2384.33,0.0941066,2944.79,0.0934778,0.0941066,0.10157,0.0823492,0.117945,5.51146e-07,10,3.17461,True,3.17461,significant gain · hausse significative
37247803B42023857067519,Zemam Out,2832.69,23943.9,129.586,Al Sharqia Governorate,2124.18,0.0417514,708.505,0.032499,0.0417514,0.0440632,0.0229078,0.0500251,0.000946318,10,1.60736,True,1.60736,within normal range · dans la plage normale
37247803B42276960376835,Zemam Out,4500.93,47198.6,3438.45,Beheira Governorate,2560.85,0.0585532,1940.08,0.0646655,0.0585532,0.0604066,0.0537334,0.0698934,5.51146e-06,10,2.11032,True,2.11032,within normal range · dans la plage normale
37247803B81980397210132,Zemam Out,24625.9,117799,34861.1,Giza Governorate,13968.7,0.0651474,10657.2,0.0650246,0.0651474,0.0658809,0.0582549,0.0738877,5.51146e-07,10,2.30772,True,2.30772,within normal range · dans la plage normale
37247803B53216268294562,Zemam Out,3069.05,26899.1,8989.11,Beni Suef Governorate,1931.1,0.0495275,1137.95,0.0528235,0.0495275,0.0495275,0.0359455,0.0657639,2.97619e-05,10,1.84014,True,1.84014,within normal range · dans la plage normale
37247803B45128523411897,Zemam Out,2484.99,13678.4,3519.35,Faiyum Governorate,2074.49,0.0263513,410.507,0.0202644,0.0263513,0.0240123,0.00854019,0.0418143,0.0166661,10,1.14636,True,1.14636,within normal range · dans la plage normale
37247803B6993574009783,Zemam Out,7008,41250.9,28713.4,Minya Governate,3728.81,0.0829699,3279.19,0.072623,0.0829699,0.0754735,0.0575505,0.0870043,5.51146e-06,10,2.84123,True,2.84123,significant gain · hausse significative
37247803B74353300773864,Zemam Out,9249.22,453881,56291.7,Aswan Governorate,5609.33,0.0713798,3639.89,0.0571404,0.0713798,0.0644671,0.0501028,0.0945527,0.000357694,10,2.49428,True,2.49428,within normal range · dans la plage normale
37247803B68668933434677,Zemam Out,1237.03,71840.7,378.876,Luxor Governate,1057.02,0.0222137,180.015,0.0176273,0.0222137,0.0226125,0.0119669,0.0355469,0.00221285,10,1.0225,True,1.0225,within normal range · dans la plage normale
37247803B70127900746184,Zemam Out,6370.68,73734.8,14946.2,Asyut Governorate,4716.64,0.0400769,1654.04,0.0339652,0.0400769,0.0339652,0.0204452,0.0423939,0.00011519,10,1.55724,True,1.55724,within normal range · dans la plage normale
37247803B22410072002885,Zemam Out,4329.99,51784.1,8379.8,Sohag Governorate,2177.4,0.0745255,2152.59,0.0793742,0.0745255,0.0795858,0.0628602,0.10115,0.00011519,10,2.58845,True,2.58845,significant gain · hausse significative
37247803B70962807620148,Zemam Out,7651.65,62127.7,11509.4,Qena Governorate,8000.97,-0.00971856,-349.314,-0.0049478,-0.00971856,-0.00894537,-0.0191153,0.0019867,0.108313,10,0.0666171,True,0.0666171,within normal range · dans la plage normale
37247803B22072181231059,Zifta,1791.92,549719,208.348,Gharbiyya Governorate,2506.15,-0.0477157,-714.231,-0.0365873,-0.0477157,-0.041658,-0.0609315,-0.0117678,0.00221285,10,-1.07082,True,-1.07082,within normal range · dans la plage normale
