coverage,date,name,sol,month,year,expected,resid,z
1,2021-01-01,Al Sharqia Governorate,165791,1,2021,178070,-0.0689563,-0.805097
1,2021-02-01,Al Sharqia Governorate,172134,2,2021,178569,-0.0360345,-0.386274
1,2021-03-01,Al Sharqia Governorate,194058,3,2021,194111,-0.000273724,0.0686652
1,2021-04-01,Al Sharqia Governorate,219690,4,2021,209571,0.0482838,0.686401
1,2021-05-01,Al Sharqia Governorate,211440,5,2021,198628,0.0645058,0.892774
1,2021-06-01,Al Sharqia Governorate,198186,6,2021,191494,0.0349475,0.516741
1,2021-07-01,Al Sharqia Governorate,192959,7,2021,186065,0.0370475,0.543456
1,2021-08-01,Al Sharqia Governorate,186675,8,2021,167113,0.117057,1.56132
1,2021-09-01,Al Sharqia Governorate,192908,9,2021,172202,0.12024,1.60181
1,2021-10-01,Al Sharqia Governorate,197376,10,2021,172361,0.14513,1.91846
1,2021-11-01,Al Sharqia Governorate,193097,11,2021,177983,0.0849171,1.15244
1,2021-12-01,Al Sharqia Governorate,195428,12,2021,174386,0.120661,1.60717
1,2022-01-01,Al Sharqia Governorate,172417,1,2022,175861,-0.0195853,-0.177012
1,2022-02-01,Al Sharqia Governorate,194608,2,2022,171077,0.137543,1.82193
1,2022-03-01,Al Sharqia Governorate,194435,3,2022,193985,0.00231973,0.101658
1,2022-04-01,Al Sharqia Governorate,223465,4,2022,208313,0.0727373,0.997493
1,2022-05-01,Al Sharqia Governorate,213903,5,2022,197807,0.0813737,1.10736
1,2022-06-01,Al Sharqia Governorate,200882,6,2022,190595,0.0539712,0.758756
1,2022-07-01,Al Sharqia Governorate,219106,7,2022,177350,0.235445,3.06742
1,2022-08-01,Al Sharqia Governorate,167069,8,2022,173648,-0.0378837,-0.4098
1,2022-09-01,Al Sharqia Governorate,185905,9,2022,174536,0.0651394,0.900834
1,2022-10-01,Al Sharqia Governorate,172572,10,2022,180629,-0.0446022,-0.49527
1,2022-11-01,Al Sharqia Governorate,180945,11,2022,182034,-0.00598132,-0.00394539
1,2022-12-01,Al Sharqia Governorate,173938,12,2022,181550,-0.0419278,-0.461248
1,2023-01-01,Al Sharqia Governorate,181216,1,2023,172928,0.047922,0.681799
1,2023-02-01,Al Sharqia Governorate,179605,2,2023,176078,0.0200281,0.326939
1,2023-03-01,Al Sharqia Governorate,193316,3,2023,194358,-0.00536106,0.00394539
1,2023-04-01,Al Sharqia Governorate,210598,4,2023,212601,-0.00942154,-0.0477111
1,2023-05-01,Al Sharqia Governorate,186707,5,2023,206872,-0.0974774,-1.16794
1,2023-06-01,Al Sharqia Governorate,186004,6,2023,195554,-0.0488399,-0.549181
1,2023-07-01,Al Sharqia Governorate,169761,7,2023,193798,-0.124028,-1.50571
1,2023-08-01,Al Sharqia Governorate,167328,8,2023,173562,-0.0359144,-0.384746
1,2023-09-01,Al Sharqia Governorate,162430,9,2023,182361,-0.109296,-1.31828
1,2023-10-01,Al Sharqia Governorate,170715,10,2023,181248,-0.0581154,-0.667182
1,2023-11-01,Al Sharqia Governorate,171371,11,2023,185225,-0.0747943,-0.879367
1,2023-12-01,Al Sharqia Governorate,169509,12,2023,183026,-0.0738534,-0.867397
1,2024-01-01,Al Sharqia Governorate,180577,1,2024,173141,0.0429491,0.618535
1,2024-02-01,Al Sharqia Governorate,161493,2,2024,182116,-0.113238,-1.36843
1,2024-03-01,Al Sharqia Governorate,194581,3,2024,193936,0.00332637,0.114465
1,2024-04-01,Al Sharqia Governorate,194650,4,2024,217918,-0.106774,-1.2862
1,2024-05-01,Al Sharqia Governorate,195273,5,2024,204017,-0.0428569,-0.473068
1,2024-06-04,Al Sharqia Governorate,187596,6,2024,195024,-0.0380878,-0.412396
1,2024-07-01,Al Sharqia Governorate,169329,7,2024,193942,-0.126909,-1.54236
1,2024-08-01,Al Sharqia Governorate,166941,8,2024,173691,-0.0388621,-0.422246
1,2024-09-01,Al Sharqia Governorate,168271,9,2024,180414,-0.0673091,-0.784142
1,2024-10-01,Al Sharqia Governorate,173796,10,2024,180221,-0.0356511,-0.381397
1,2024-11-01,Al Sharqia Governorate,181633,11,2024,181804,-0.000941813,0.0601659
1,2024-12-01,Al Sharqia Governorate,179712,12,2024,179625,0.000486804,0.0783404
1,2021-01-01,Alexandria Governorate,108120,1,2021,117200,-0.0774777,-0.499235
1,2021-02-01,Alexandria Governorate,113079,2,2021,118400,-0.044941,-0.201493
1,2021-03-01,Alexandria Governorate,124729,3,2021,124320,0.00329326,0.239895
1,2021-04-01,Alexandria Governorate,135109,4,2021,152067,-0.11152,-0.810758
1,2021-05-01,Alexandria Governorate,136230,5,2021,135592,0.0047065,0.252828
1,2021-06-01,Alexandria Governorate,134841,6,2021,151809,-0.111773,-0.813064
1,2021-07-01,Alexandria Governorate,130528,7,2021,146153,-0.106906,-0.768533
1,2021-08-01,Alexandria Governorate,131883,8,2021,140356,-0.0603659,-0.342646
1,2021-09-01,Alexandria Governorate,132610,9,2021,137767,-0.0374365,-0.13282
1,2021-10-01,Alexandria Governorate,129429,10,2021,135965,-0.0480748,-0.23017
1,2021-11-01,Alexandria Governorate,139101,11,2021,119267,0.166306,1.73162
0.999917,2021-12-01,Alexandria Governorate,117652,12,2021,132143,-0.109665,-0.793777
1,2022-01-01,Alexandria Governorate,106822,1,2022,117633,-0.0919045,-0.631253
1,2022-02-01,Alexandria Governorate,123949,2,2022,114777,0.0799142,0.941049
1,2022-03-01,Alexandria Governorate,115402,3,2022,127429,-0.0943792,-0.653899
1,2022-04-01,Alexandria Governorate,142994,4,2022,149439,-0.043129,-0.184912
1,2022-05-01,Alexandria Governorate,129072,5,2022,137978,-0.0645412,-0.380853
1,2022-06-01,Alexandria Governorate,136683,6,2022,151195,-0.0959852,-0.668596
1,2022-07-01,Alexandria Governorate,139761,7,2022,143075,-0.023166,-0.00223135
1,2022-08-01,Alexandria Governorate,138249,8,2022,138234,0.000107456,0.210742
1,2022-09-01,Alexandria Governorate,127346,9,2022,139522,-0.0872651,-0.588798
1,2022-10-01,Alexandria Governorate,125437,10,2022,137296,-0.0863728,-0.580633
1,2022-11-01,Alexandria Governorate,118573,11,2022,126109,-0.059761,-0.33711
1,2022-12-01,Alexandria Governorate,118476,12,2022,131868,-0.101561,-0.71962
1,2023-01-01,Alexandria Governorate,118527,1,2023,113731,0.042165,0.595609
1,2023-02-01,Alexandria Governorate,108290,2,2023,119997,-0.0975625,-0.68303
1,2023-03-01,Alexandria Governorate,122294,3,2023,125132,-0.0226783,0.00223135
1,2023-04-01,Alexandria Governorate,165209,4,2023,142034,0.163168,1.7029
1,2023-05-01,Alexandria Governorate,143675,5,2023,133110,0.079369,0.936059
1,2023-06-01,Alexandria Governorate,164963,6,2023,141768,0.163614,1.70698
1,2023-07-01,Alexandria Governorate,173019,7,2023,131989,0.31086,3.05442
1,2023-08-01,Alexandria Governorate,143502,8,2023,136483,0.0514293,0.680386
1,2023-09-01,Alexandria Governorate,157551,9,2023,129453,0.217045,2.19592
1,2023-10-01,Alexandria Governorate,151136,10,2023,128730,0.174057,1.80254
1,2023-11-01,Alexandria Governorate,133636,11,2023,121088,0.103627,1.15804
1,2023-12-01,Alexandria Governorate,137287,12,2023,125598,0.0930712,1.06145
1,2024-01-01,Alexandria Governorate,126252,1,2024,111156,0.135808,1.45253
1,2024-02-01,Alexandria Governorate,122962,2,2024,115106,0.0682493,0.834304
1,2024-03-01,Alexandria Governorate,135263,3,2024,120808,0.119652,1.30469
1,2024-04-01,Alexandria Governorate,147999,4,2024,147770,0.00154522,0.223899
1,2024-05-01,Alexandria Governorate,134028,5,2024,136326,-0.0168548,0.0555219
1,2024-06-04,Alexandria Governorate,153781,6,2024,145496,0.0569451,0.73086
1,2024-07-01,Alexandria Governorate,125678,7,2024,147769,-0.149497,-1.15827
1,2024-08-01,Alexandria Governorate,139317,8,2024,137878,0.0104341,0.305241
1,2024-09-01,Alexandria Governorate,128405,9,2024,139169,-0.0773473,-0.498042
1,2024-10-01,Alexandria Governorate,131323,10,2024,135334,-0.029639,-0.0614653
1,2024-11-01,Alexandria Governorate,105590,11,2024,130437,-0.190486,-1.53337
1,2024-12-01,Alexandria Governorate,140666,12,2024,124471,0.130107,1.40036
1,2021-01-01,Aswan Governorate,137120,1,2021,147140,-0.0680956,-1.06602
1,2021-02-01,Aswan Governorate,137490,2,2021,161382,-0.148051,-2.07068
1,2021-03-01,Aswan Governorate,157031,3,2021,178396,-0.119762,-1.71523
1,2021-04-01,Aswan Governorate,183232,4,2021,199085,-0.0796278,-1.21093
1,2021-05-01,Aswan Governorate,175284,5,2021,174803,0.00275103,-0.175816
1,2021-06-01,Aswan Governorate,161471,6,2021,164906,-0.0208324,-0.472148
1,2021-07-01,Aswan Governorate,165585,7,2021,149259,0.10938,1.164
1,2021-08-01,Aswan Governorate,188066,8,2021,159688,0.177704,2.02252
1,2021-09-01,Aswan Governorate,164169,9,2021,175447,-0.0642832,-1.01812
1,2021-10-01,Aswan Governorate,188367,10,2021,184075,0.023317,0.0826009
1,2021-11-01,Aswan Governorate,175604,11,2021,182925,-0.0400207,-0.713254
1,2021-12-01,Aswan Governorate,156309,12,2021,163956,-0.046638,-0.796403
1,2022-01-01,Aswan Governorate,146611,1,2022,143976,0.0183006,0.0195678
1,2022-02-01,Aswan Governorate,164615,2,2022,152341,0.0805704,0.802004
1,2022-03-01,Aswan Governorate,175044,3,2022,172392,0.0153871,-0.0170405
1,2022-04-01,Aswan Governorate,197758,4,2022,194243,0.0180994,0.0170405
1,2022-05-01,Aswan Governorate,183122,5,2022,172190,0.0634883,0.587364
1,2022-06-01,Aswan Governorate,171300,6,2022,161629,0.0598321,0.541422
1,2022-07-01,Aswan Governorate,140438,7,2022,157642,-0.109135,-1.5817
1,2022-08-01,Aswan Governorate,140578,8,2022,175518,-0.199065,-2.71168
1,2022-09-01,Aswan Governorate,177099,9,2022,171137,0.0348358,0.227338
1,2022-10-01,Aswan Governorate,162916,10,2022,192558,-0.153939,-2.14467
1,2022-11-01,Aswan Governorate,159807,11,2022,188191,-0.150823,-2.10552
1,2022-12-01,Aswan Governorate,155750,12,2022,164142,-0.0511282,-0.852823
1,2023-01-01,Aswan Governorate,141839,1,2023,145567,-0.0256158,-0.532253
1,2023-02-01,Aswan Governorate,158241,2,2023,154465,0.0244396,0.096706
1,2023-03-01,Aswan Governorate,176014,3,2023,172069,0.022928,0.0777128
1,2023-04-01,Aswan Governorate,201604,4,2023,192960,0.0447965,0.352496
1,2023-05-01,Aswan Governorate,174944,5,2023,174916,0.000162376,-0.208343
1,2023-06-01,Aswan Governorate,166916,6,2023,163091,0.0234531,0.0843103
1,2023-07-01,Aswan Governorate,150962,7,2023,154134,-0.0205765,-0.468932
1,2023-08-01,Aswan Governorate,163421,8,2023,167903,-0.0266983,-0.545855
1,2023-09-01,Aswan Governorate,173799,9,2023,172237,0.00906628,-0.0964635
1,2023-10-01,Aswan Governorate,199447,10,2023,180381,0.105694,1.11769
1,2023-11-01,Aswan Governorate,219775,11,2023,168202,0.306614,3.64231
1,2023-12-01,Aswan Governorate,156301,12,2023,163959,-0.0467046,-0.797239
1,2024-01-01,Aswan Governorate,152970,1,2024,141857,0.0783436,0.774025
1,2024-02-01,Aswan Governorate,161292,2,2024,153448,0.0511157,0.431898
1,2024-03-01,Aswan Governorate,184130,3,2024,169363,0.0871933,0.885223
1,2024-04-01,Aswan Governorate,197891,4,2024,194198,0.0190169,0.0285681
1,2024-05-01,Aswan Governorate,166342,5,2024,177783,-0.0643555,-1.01903
1,2024-06-04,Aswan Governorate,156502,6,2024,166562,-0.0603992,-0.969315
1,2024-07-01,Aswan Governorate,156378,7,2024,152328,0.0265866,0.123684
1,2024-08-01,Aswan Governorate,175066,8,2024,164022,0.0673373,0.635728
1,2024-09-01,Aswan Governorate,175444,9,2024,171689,0.0218712,0.0644343
1,2024-10-01,Aswan Governorate,189861,10,2024,183576,0.0342359,0.2198
1,2024-11-01,Aswan Governorate,169193,11,2024,185062,-0.0857483,-1.28783
1,2024-12-01,Aswan Governorate,179817,12,2024,156120,0.151784,1.69682
1,2021-01-01,Asyut Governorate,97746.6,1,2021,93294.1,0.0477254,0.692488
1,2021-02-01,Asyut Governorate,97180.1,2,2021,98610.4,-0.0145048,-0.0769738
1,2021-03-01,Asyut Governorate,102449,3,2021,104112,-0.0159739,-0.0951396
1,2021-04-01,Asyut Governorate,116116,4,2021,113193,0.0258259,0.421706
1,2021-05-01,Asyut Governorate,111427,5,2021,102314,0.0890762,1.20378
1,2021-06-01,Asyut Governorate,108610,6,2021,97613.4,0.112657,1.49536
1,2021-07-01,Asyut Governorate,103904,7,2021,91516.3,0.135364,1.77612
1,2021-08-01,Asyut Governorate,107266,8,2021,91217,0.175945,2.2779
1,2021-09-01,Asyut Governorate,105509,9,2021,96649.7,0.0916663,1.23581
1,2021-10-01,Asyut Governorate,115930,10,2021,101889,0.137808,1.80634
1,2021-11-01,Asyut Governorate,106504,11,2021,99511.9,0.0702637,0.971169
1,2021-12-01,Asyut Governorate,93726.5,12,2021,97246.4,-0.0361956,-0.345176
1,2022-01-01,Asyut Governorate,89780.5,1,2022,95949.5,-0.0642951,-0.69262
1,2022-02-01,Asyut Governorate,104743,2,2022,96089.6,0.0900518,1.21584
1,2022-03-01,Asyut Governorate,102736,3,2022,104016,-0.0123103,-0.0498397
1,2022-04-01,Asyut Governorate,114704,4,2022,113664,0.00914662,0.21547
1,2022-05-01,Asyut Governorate,109108,5,2022,103087,0.0584139,0.824649
1,2022-06-01,Asyut Governorate,101963,6,2022,99829,0.0213809,0.366745
1,2022-07-01,Asyut Governorate,99130.2,7,2022,93107.7,0.0646826,0.902161
1,2022-08-01,Asyut Governorate,85114.2,8,2022,98601,-0.136782,-1.5889
1,2022-09-01,Asyut Governorate,99235.5,9,2022,98740.9,0.00500928,0.164313
1,2022-10-01,Asyut Governorate,98099.2,10,2022,107833,-0.090268,-1.01377
1,2022-11-01,Asyut Governorate,91359.2,11,2022,104560,-0.126252,-1.45871
1,2022-12-01,Asyut Governorate,98073,12,2022,95797.6,0.0237516,0.396057
1,2023-01-01,Asyut Governorate,93076.3,1,2023,94850.9,-0.0187094,-0.128963
1,2023-02-01,Asyut Governorate,102745,2,2023,96755.4,0.0619085,0.867859
1,2023-03-01,Asyut Governorate,106298,3,2023,102829,0.0337374,0.519529
1,2023-04-01,Asyut Governorate,115169,4,2023,113509,0.0146222,0.283174
1,2023-05-01,Asyut Governorate,99702.6,5,2023,106222,-0.0613733,-0.656493
1,2023-06-01,Asyut Governorate,97708.6,6,2023,101247,-0.0349499,-0.329774
1,2023-07-01,Asyut Governorate,85512.5,7,2023,97647,-0.124269,-1.43418
1,2023-08-01,Asyut Governorate,91190.6,8,2023,96575.5,-0.0557581,-0.587063
1,2023-09-01,Asyut Governorate,94580.8,9,2023,100292,-0.0569502,-0.601802
1,2023-10-01,Asyut Governorate,103393,10,2023,106069,-0.0252305,-0.209595
1,2023-11-01,Asyut Governorate,106792,11,2023,99415.8,0.0741971,1.0198
1,2023-12-01,Asyut Governorate,91613.8,12,2023,97950.7,-0.0646945,-0.697558
1,2024-01-01,Asyut Governorate,97025.7,1,2024,93534.5,0.0373251,0.563891
1,2024-02-01,Asyut Governorate,88343.3,2,2024,101556,-0.130103,-1.50631
1,2024-03-01,Asyut Governorate,103302,3,2024,103828,-0.00506251,0.0397775
1,2024-04-01,Asyut Governorate,109707,4,2024,115330,-0.0487534,-0.50045
1,2024-05-01,Asyut Governorate,98129.8,5,2024,106746,-0.0807169,-0.895672
1,2024-06-04,Asyut Governorate,93168,6,2024,102761,-0.0933501,-1.05188
1,2024-07-01,Asyut Governorate,89906.4,7,2024,96182.3,-0.0652505,-0.704433
1,2024-08-01,Asyut Governorate,97346.1,8,2024,94523.7,0.02986,0.471586
1,2024-09-01,Asyut Governorate,96132.7,9,2024,99775.2,-0.0365067,-0.349023
1,2024-10-01,Asyut Governorate,104176,10,2024,105807,-0.0154157,-0.0882369
1,2024-11-01,Asyut Governorate,100384,11,2024,101552,-0.0114965,-0.0397775
1,2024-12-01,Asyut Governorate,102053,12,2024,94471.1,0.0802511,1.09466
1,2021-01-01,Beheira Governorate,167261,1,2021,174926,-0.0438233,-0.18538
1,2021-02-01,Beheira Governorate,179706,2,2021,179729,-0.000129376,0.284919
1,2021-03-01,Beheira Governorate,210377,3,2021,184383,0.14098,1.80375
1,2021-04-01,Beheira Governorate,236169,4,2021,206192,0.145384,1.85116
1,2021-05-01,Beheira Governorate,237947,5,2021,201146,0.182958,2.25557
1,2021-06-01,Beheira Governorate,230494,6,2021,197942,0.164452,2.05639
1,2021-07-01,Beheira Governorate,220204,7,2021,179968,0.223575,2.69276
1,2021-08-01,Beheira Governorate,202847,8,2021,180352,0.124725,1.62878
1,2021-09-01,Beheira Governorate,234683,9,2021,178390,0.315561,3.68285
1,2021-10-01,Beheira Governorate,243724,10,2021,187452,0.300199,3.5175
1,2021-11-01,Beheira Governorate,198747,11,2021,174860,0.136603,1.75663
1,2021-12-01,Beheira Governorate,191527,12,2021,181258,0.0566512,0.896076
1,2022-01-01,Beheira Governorate,170497,1,2022,173848,-0.0192744,0.0788521
1,2022-02-01,Beheira Governorate,202131,2,2022,172254,0.17345,2.15324
1,2022-03-01,Beheira Governorate,186853,3,2022,192225,-0.027945,-0.0144746
1,2022-04-01,Beheira Governorate,205736,4,2022,216336,-0.0489961,-0.241058
1,2022-05-01,Beheira Governorate,213704,5,2022,209227,0.0214003,0.516654
1,2022-06-01,Beheira Governorate,208861,6,2022,205154,0.0180717,0.480826
1,2022-07-01,Beheira Governorate,204642,7,2022,185155,0.105245,1.41911
1,2022-08-01,Beheira Governorate,178037,8,2022,188622,-0.0561215,-0.317752
1,2022-09-01,Beheira Governorate,190498,9,2022,193118,-0.0135671,0.140283
1,2022-10-01,Beheira Governorate,183871,10,2022,207403,-0.113459,-0.934905
1,2022-11-01,Beheira Governorate,172309,11,2022,183673,-0.0618722,-0.379649
1,2022-12-01,Beheira Governorate,184635,12,2022,183556,0.00587965,0.349597
1,2023-01-01,Beheira Governorate,169712,1,2023,174109,-0.0252555,0.0144746
1,2023-02-01,Beheira Governorate,167465,2,2023,183809,-0.0889153,-0.670728
1,2023-03-01,Beheira Governorate,170678,3,2023,197616,-0.136314,-1.1809
1,2023-04-01,Beheira Governorate,214804,4,2023,213313,0.00698998,0.361548
1,2023-05-01,Beheira Governorate,193187,5,2023,216066,-0.105891,-0.853445
1,2023-06-01,Beheira Governorate,191912,6,2023,210803,-0.0896145,-0.678254
1,2023-07-01,Beheira Governorate,170176,7,2023,196644,-0.134602,-1.16247
1,2023-08-01,Beheira Governorate,181780,8,2023,187375,-0.0298581,-0.0350653
1,2023-09-01,Beheira Governorate,163303,9,2023,202183,-0.192302,-1.78353
1,2023-10-01,Beheira Governorate,192362,10,2023,204572,-0.0596843,-0.3561
1,2023-11-01,Beheira Governorate,179712,11,2023,181205,-0.0082367,0.197656
1,2023-12-01,Beheira Governorate,167013,12,2023,189430,-0.11834,-0.987435
1,2024-01-01,Beheira Governorate,184570,1,2024,169157,0.0911219,1.2671
1,2024-02-01,Beheira Governorate,169590,2,2024,183101,-0.0737885,-0.50791
1,2024-03-01,Beheira Governorate,195618,3,2024,189303,0.0333602,0.645384
1,2024-04-01,Beheira Governorate,198035,4,2024,218903,-0.0953321,-0.739795
1,2024-05-01,Beheira Governorate,196547,5,2024,214946,-0.0855994,-0.635037
1,2024-06-04,Beheira Governorate,193054,6,2024,210423,-0.0825413,-0.602121
1,2024-07-01,Beheira Governorate,165086,7,2024,198341,-0.167662,-1.51832
1,2024-08-01,Beheira Governorate,181240,8,2024,187554,-0.0336647,-0.0760384
1,2024-09-01,Beheira Governorate,181369,9,2024,196161,-0.07541,-0.525364
1,2024-10-01,Beheira Governorate,186121,10,2024,206653,-0.0993513,-0.783056
1,2024-11-01,Beheira Governorate,172560,11,2024,183589,-0.0600776,-0.360333
1,2024-12-01,Beheira Governorate,192127,12,2024,181058,0.0611367,0.944356
1,2021-01-01,Beni Suef Governorate,92939.4,1,2021,92697,0.00261475,0.00459968
1,2021-02-01,Beni Suef Governorate,96104.2,2,2021,94807.1,0.0136819,0.129369
1,2021-03-01,Beni Suef Governorate,105617,3,2021,99449.7,0.0620151,0.67427
1,2021-04-01,Beni Suef Governorate,116831,4,2021,109136,0.0705116,0.770058
1,2021-05-01,Beni Suef Governorate,110936,5,2021,100929,0.0991511,1.09293
1,2021-06-01,Beni Suef Governorate,106074,6,2021,97162.5,0.0917164,1.00912
1,2021-07-01,Beni Suef Governorate,101881,7,2021,88586.5,0.150071,1.667
1,2021-08-01,Beni Suef Governorate,99575,8,2021,86607.4,0.149728,1.66313
1,2021-09-01,Beni Suef Governorate,103247,9,2021,90053.3,0.146509,1.62685
1,2021-10-01,Beni Suef Governorate,106300,10,2021,90616.2,0.17308,1.92639
1,2021-11-01,Beni Suef Governorate,106727,11,2021,92027.6,0.159726,1.77584
1,2021-12-01,Beni Suef Governorate,96651,12,2021,91479.9,0.0565271,0.612399
1,2022-01-01,Beni Suef Governorate,91471.5,1,2022,93186.3,-0.0184018,-0.232337
1,2022-02-01,Beni Suef Governorate,101371,2,2022,93051.4,0.0894095,0.983109
1,2022-03-01,Beni Suef Governorate,100808,3,2022,101053,-0.00242527,-0.0522207
1,2022-04-01,Beni Suef Governorate,112087,4,2022,110717,0.0123706,0.114585
1,2022-05-01,Beni Suef Governorate,108083,5,2022,101880,0.0608777,0.661446
1,2022-06-01,Beni Suef Governorate,100171,6,2022,99130.1,0.0105035,0.0935361
1,2022-07-01,Beni Suef Governorate,94549.2,7,2022,91030.4,0.0386549,0.41091
1,2022-08-01,Beni Suef Governorate,83547.3,8,2022,91950,-0.0913829,-1.05511
1,2022-09-01,Beni Suef Governorate,97672.6,9,2022,91911.4,0.0626821,0.681789
1,2022-10-01,Beni Suef Governorate,88524.8,10,2022,96541.3,-0.0830368,-0.961022
1,2022-11-01,Beni Suef Governorate,87853.4,11,2022,98318.6,-0.106442,-1.22488
1,2022-12-01,Beni Suef Governorate,94648.8,12,2022,92147.2,0.0271478,0.281182
1,2023-01-01,Beni Suef Governorate,92882.7,1,2023,92715.9,0.00179876,-0.00459968
1,2023-02-01,Beni Suef Governorate,99086.9,2,2023,93812.9,0.0562184,0.608918
1,2023-03-01,Beni Suef Governorate,100980,3,2023,100996,-0.00015798,-0.0266596
1,2023-04-01,Beni Suef Governorate,113283,4,2023,110318,0.0268781,0.278141
1,2023-05-01,Beni Suef Governorate,99102.8,5,2023,104874,-0.0550256,-0.645228
1,2023-06-01,Beni Suef Governorate,97666.8,6,2023,99964.9,-0.0229888,-0.284051
1,2023-07-01,Beni Suef Governorate,86128.9,7,2023,93837.2,-0.0821455,-0.950974
1,2023-08-01,Beni Suef Governorate,86459.2,8,2023,90979.4,-0.0496839,-0.585007
1,2023-09-01,Beni Suef Governorate,85924.7,9,2023,95827.4,-0.103339,-1.18991
1,2023-10-01,Beni Suef Governorate,91503.6,10,2023,95548.3,-0.0423319,-0.502121
1,2023-11-01,Beni Suef Governorate,97866,11,2023,94981.1,0.0303728,0.317539
1,2023-12-01,Beni Suef Governorate,84403.2,12,2023,95562.5,-0.116775,-1.34138
1,2024-01-01,Beni Suef Governorate,93736.8,1,2024,92431.2,0.0141255,0.13437
1,2024-02-01,Beni Suef Governorate,83963.2,2,2024,98854.1,-0.150634,-1.72311
1,2024-03-01,Beni Suef Governorate,96561.8,3,2024,102468,-0.0576408,-0.674712
1,2024-04-01,Beni Suef Governorate,102037,4,2024,114067,-0.105465,-1.21388
1,2024-05-01,Beni Suef Governorate,95601.8,5,2024,106041,-0.098441,-1.13469
1,2024-06-04,Beni Suef Governorate,93649.5,6,2024,101304,-0.07556,-0.87673
1,2024-07-01,Beni Suef Governorate,85081.5,7,2024,94186.3,-0.0966675,-1.11469
1,2024-08-01,Beni Suef Governorate,89815.8,8,2024,89860.5,-0.000497497,-0.0304873
1,2024-09-01,Beni Suef Governorate,86562.6,9,2024,95614.7,-0.0946728,-1.0922
1,2024-10-01,Beni Suef Governorate,91820.2,10,2024,95442.8,-0.0379557,-0.452785
1,2024-11-01,Beni Suef Governorate,90363.2,11,2024,97482,-0.0730269,-0.848172
1,2024-12-01,Beni Suef Governorate,95387.6,12,2024,91901,0.0379387,0.402836
1,2021-01-01,Cairo Governorate,324261,1,2021,388846,-0.166094,-1.87718
1,2021-02-01,Cairo Governorate,314071,2,2021,380760,-0.175146,-1.97637
1,2021-03-01,Cairo Governorate,359604,3,2021,410734,-0.124484,-1.42122
1,2021-04-01,Cairo Governorate,418862,4,2021,463941,-0.097166,-1.12188
1,2021-05-01,Cairo Governorate,397881,5,2021,416018,-0.0435947,-0.53486
1,2021-06-01,Cairo Governorate,368799,6,2021,415545,-0.112492,-1.28982
1,2021-07-01,Cairo Governorate,377108,7,2021,393391,-0.0413915,-0.510717
1,2021-08-01,Cairo Governorate,361561,8,2021,356165,0.015149,0.108842
1,2021-09-01,Cairo Governorate,372277,9,2021,368438,0.0104197,0.0570192
1,2021-10-01,Cairo Governorate,364828,10,2021,366332,-0.00410543,-0.102144
1,2021-11-01,Cairo Governorate,374454,11,2021,379627,-0.0136261,-0.20647
1,2021-12-01,Cairo Governorate,394576,12,2021,387054,0.0194338,0.155793
1,2022-01-01,Cairo Governorate,358564,1,2022,377412,-0.0499383,-0.604371
1,2022-02-01,Cairo Governorate,378169,2,2022,359394,0.0522409,0.515287
1,2022-03-01,Cairo Governorate,386183,3,2022,401875,-0.039046,-0.485016
1,2022-04-01,Cairo Governorate,485501,4,2022,441728,0.0990944,1.0287
1,2022-05-01,Cairo Governorate,437879,5,2022,402685,0.0873978,0.900529
1,2022-06-01,Cairo Governorate,427997,6,2022,395812,0.0813129,0.833852
1,2022-07-01,Cairo Governorate,434731,7,2022,374183,0.161816,1.71598
1,2022-08-01,Cairo Governorate,354280,8,2022,358592,-0.0120253,-0.188929
1,2022-09-01,Cairo Governorate,394540,9,2022,361016,0.0928586,0.960367
1,2022-10-01,Cairo Governorate,344923,10,2022,372966,-0.0751888,-0.881061
1,2022-11-01,Cairo Governorate,380783,11,2022,377517,0.00865208,0.0376499
1,2022-12-01,Cairo Governorate,355660,12,2022,400026,-0.110908,-1.27247
1,2023-01-01,Cairo Governorate,399274,1,2023,363842,0.0973835,1.00995
1,2023-02-01,Cairo Governorate,388926,2,2023,355808,0.0930781,0.962772
1,2023-03-01,Cairo Governorate,421605,3,2023,390067,0.0808526,0.828808
1,2023-04-01,Cairo Governorate,460770,4,2023,449971,0.0239985,0.205813
1,2023-05-01,Cairo Governorate,386659,5,2023,419758,-0.0788545,-0.921229
1,2023-06-01,Cairo Governorate,404397,6,2023,403679,0.00178028,-0.0376499
1,2023-07-01,Cairo Governorate,392735,7,2023,388182,0.0117295,0.0713717
1,2023-08-01,Cairo Governorate,337435,8,2023,364207,-0.0735085,-0.862648
1,2023-09-01,Cairo Governorate,344368,9,2023,377741,-0.088348,-1.02526
1,2023-10-01,Cairo Governorate,358599,10,2023,368408,-0.026624,-0.348898
1,2023-11-01,Cairo Governorate,373325,11,2023,380003,-0.0175727,-0.249716
1,2023-12-01,Cairo Governorate,379993,12,2023,391915,-0.0304217,-0.390513
1,2024-01-01,Cairo Governorate,408700,1,2024,360700,0.133075,1.40105
1,2024-02-01,Cairo Governorate,375184,2,2024,360389,0.0410541,0.392705
1,2024-03-01,Cairo Governorate,424414,3,2024,389131,0.0906722,0.936408
1,2024-04-01,Cairo Governorate,445552,4,2024,455044,-0.0208599,-0.285736
1,2024-05-01,Cairo Governorate,423515,5,2024,407473,0.0393701,0.374251
1,2024-06-04,Cairo Governorate,414240,6,2024,400398,0.0345713,0.321667
1,2024-07-01,Cairo Governorate,352706,7,2024,401525,-0.121583,-1.38944
1,2024-08-01,Cairo Governorate,376781,8,2024,351092,0.0731688,0.74461
1,2024-09-01,Cairo Governorate,366405,9,2024,370395,-0.010772,-0.175195
1,2024-10-01,Cairo Governorate,395472,10,2024,356117,0.110513,1.15381
1,2024-11-01,Cairo Governorate,384771,11,2024,376187,0.022819,0.192888
1,2024-12-01,Cairo Governorate,425510,12,2024,376743,0.129444,1.36126
1,2021-01-01,Dakahlia Governorate,163584,1,2021,139762,0.170444,0.577566
1,2021-02-01,Dakahlia Governorate,160689,2,2021,140472,0.143921,0.477894
1,2021-03-01,Dakahlia Governorate,174722,3,2021,146344,0.19391,0.665749
1,2021-04-01,Dakahlia Governorate,191569,4,2021,158944,0.205261,0.708405
1,2021-05-01,Dakahlia Governorate,184445,5,2021,146414,0.259752,0.913182
1,2021-06-01,Dakahlia Governorate,178738,6,2021,143860,0.242443,0.848134
1,2021-07-01,Dakahlia Governorate,171106,7,2021,141493,0.209286,0.723534
1,2021-08-01,Dakahlia Governorate,162563,8,2021,129237,0.257872,0.906116
1,2021-09-01,Dakahlia Governorate,170303,9,2021,132626,0.284081,1.00461
1,2021-10-01,Dakahlia Governorate,177849,10,2021,131784,0.349548,1.25063
1,2021-11-01,Dakahlia Governorate,176805,11,2021,125921,0.404101,1.45564
0.999978,2021-12-01,Dakahlia Governorate,169196,12,2021,131858,0.28316,1.00115
0.99999,2022-01-01,Dakahlia Governorate,146116,1,2022,145585,0.00364892,-0.0492415
1,2022-02-01,Dakahlia Governorate,165760,2,2022,138782,0.19439,0.667554
1,2022-03-01,Dakahlia Governorate,162208,3,2022,150515,0.0776861,0.228986
1,2022-04-01,Dakahlia Governorate,173415,4,2022,164995,0.0510305,0.128816
1,2022-05-01,Dakahlia Governorate,173411,5,2022,150092,0.15536,0.520881
1,2022-06-01,Dakahlia Governorate,164611,6,2022,148569,0.107981,0.342832
1,2022-07-01,Dakahlia Governorate,188814,7,2022,135591,0.392528,1.41215
1,2022-08-01,Dakahlia Governorate,142929,8,2022,135781,0.052642,0.134872
1,2022-09-01,Dakahlia Governorate,157951,9,2022,136743,0.155089,0.519863
1,2022-10-01,Dakahlia Governorate,147103,10,2022,142033,0.0357007,0.0712076
1,2022-11-01,Dakahlia Governorate,148567,11,2022,135333,0.0977905,0.304538
1,2022-12-01,Dakahlia Governorate,151886,12,2022,137628,0.103592,0.32634
1,2023-01-01,Dakahlia Governorate,145335,1,2023,145846,-0.00350384,-0.0761212
1,2023-02-01,Dakahlia Governorate,141648,2,2023,146819,-0.035218,-0.195302
1,2023-03-01,Dakahlia Governorate,143848,3,2023,156635,-0.0816363,-0.369739
1,2023-04-01,Dakahlia Governorate,170814,4,2023,165862,0.0298555,0.0492415
1,2023-05-01,Dakahlia Governorate,136111,5,2023,162526,-0.162528,-0.673724
1,2023-06-01,Dakahlia Governorate,141575,6,2023,156248,-0.0939087,-0.415858
1,2023-07-01,Dakahlia Governorate,125681,7,2023,156635,-0.197619,-0.805595
1,2023-08-01,Dakahlia Governorate,124737,8,2023,141845,-0.120609,-0.516195
1,2023-09-01,Dakahlia Governorate,119536,9,2023,149548,-0.200688,-0.81713
1,2023-10-01,Dakahlia Governorate,125735,10,2023,149155,-0.15702,-0.653026
1,2023-11-01,Dakahlia Governorate,118485,11,2023,145361,-0.184887,-0.757751
1,2023-12-01,Dakahlia Governorate,118437,12,2023,148778,-0.203934,-0.829327
1,2024-01-01,Dakahlia Governorate,127836,1,2024,151678,-0.157187,-0.653656
1,2024-02-01,Dakahlia Governorate,114008,2,2024,156033,-0.269329,-1.07508
1,2024-03-01,Dakahlia Governorate,132976,3,2024,160259,-0.170245,-0.702726
1,2024-04-01,Dakahlia Governorate,132603,4,2024,178599,-0.257541,-1.03078
1,2024-05-01,Dakahlia Governorate,129721,5,2024,164656,-0.212169,-0.860275
1,2024-06-04,Dakahlia Governorate,125394,6,2024,161641,-0.224246,-0.905659
1,2024-07-01,Dakahlia Governorate,109985,7,2024,161867,-0.320521,-1.26746
1,2024-08-01,Dakahlia Governorate,120043,8,2024,143410,-0.162935,-0.675257
1,2024-09-01,Dakahlia Governorate,120392,9,2024,149263,-0.193426,-0.789841
1,2024-10-01,Dakahlia Governorate,122514,10,2024,150229,-0.184487,-0.756245
1,2024-11-01,Dakahlia Governorate,110709,11,2024,147953,-0.251726,-1.00893
1,2024-12-01,Dakahlia Governorate,125253,12,2024,146506,-0.145068,-0.608114
1,2021-01-01,Damietta Governorate,52969.2,1,2021,40478.6,0.308571,1.91188
1,2021-02-01,Damietta Governorate,44962.6,2,2021,39617,0.134933,0.841781
1,2021-03-01,Damietta Governorate,44819,3,2021,43230.4,0.0367473,0.236678
1,2021-04-01,Damietta Governorate,47695.4,4,2021,47155.7,0.011444,0.0807379
1,2021-05-01,Damietta Governorate,47162.2,5,2021,41101.1,0.147467,0.919026
1,2021-06-01,Damietta Governorate,46124.6,6,2021,42247.4,0.0917745,0.575801
1,2021-07-01,Damietta Governorate,45126.2,7,2021,42573.8,0.0599523,0.379687
1,2021-08-01,Damietta Governorate,42408.1,8,2021,38259.3,0.10844,0.67851
1,2021-09-01,Damietta Governorate,44321.9,9,2021,39435.6,0.123904,0.773808
1,2021-10-01,Damietta Governorate,47518,10,2021,39233.1,0.211172,1.31163
1,2021-11-01,Damietta Governorate,43960.4,11,2021,37861,0.1611,1.00305
1,2021-12-01,Damietta Governorate,45218,12,2021,38721.7,0.16777,1.04415
0.999581,2022-01-01,Damietta Governorate,39015.1,1,2022,45130,-0.135496,-0.824827
1,2022-02-01,Damietta Governorate,42684.5,2,2022,40376.3,0.0571661,0.362515
1,2022-03-01,Damietta Governorate,43799.8,3,2022,43570.1,0.00527112,0.0426954
1,2022-04-01,Damietta Governorate,49255.9,4,2022,46635.6,0.056188,0.356487
1,2022-05-01,Damietta Governorate,44583.4,5,2022,41960.7,0.0625046,0.395415
1,2022-06-01,Damietta Governorate,45864.1,6,2022,42334.2,0.0833814,0.524076
1,2022-07-01,Damietta Governorate,51019.8,7,2022,40609.2,0.256359,1.59011
1,2022-08-01,Damietta Governorate,39146.2,8,2022,39346.6,-0.00509186,-0.0211699
1,2022-09-01,Damietta Governorate,44044.4,9,2022,39528.1,0.114253,0.714334
1,2022-10-01,Damietta Governorate,42884.9,10,2022,40777.4,0.051683,0.328724
1,2022-11-01,Damietta Governorate,45850.4,11,2022,37231,0.231512,1.43698
1,2022-12-01,Damietta Governorate,41477.2,12,2022,39968.6,0.0377446,0.242824
1,2023-01-01,Damietta Governorate,42675.5,1,2023,43909.8,-0.0281102,-0.163028
1,2023-02-01,Damietta Governorate,40883.3,2,2023,40976.7,-0.00227931,-0.00383659
1,2023-03-01,Damietta Governorate,43593.7,3,2023,43638.8,-0.00103424,0.00383659
1,2023-04-01,Damietta Governorate,50549.4,4,2023,46204.4,0.0940386,0.589754
1,2023-05-01,Damietta Governorate,39743.1,5,2023,43574.1,-0.0879209,-0.531631
1,2023-06-01,Damietta Governorate,41580.9,6,2023,43762,-0.0498388,-0.296938
1,2023-07-01,Damietta Governorate,39495.2,7,2023,44450.8,-0.111486,-0.676856
1,2023-08-01,Damietta Governorate,36638.4,8,2023,40182.5,-0.088202,-0.533363
1,2023-09-01,Damietta Governorate,35891.2,9,2023,42245.8,-0.15042,-0.916805
1,2023-10-01,Damietta Governorate,37496.7,10,2023,42573.5,-0.119249,-0.7247
1,2023-11-01,Damietta Governorate,34607.2,11,2023,40978.7,-0.155483,-0.948007
1,2023-12-01,Damietta Governorate,35918.9,12,2023,41821.4,-0.141135,-0.859582
1,2024-01-01,Damietta Governorate,39745.3,1,2024,44886.6,-0.11454,-0.69568
1,2024-02-01,Damietta Governorate,35283.1,2,2024,42843.5,-0.176466,-1.07732
1,2024-03-01,Damietta Governorate,42297.7,3,2024,44070.8,-0.0402336,-0.237743
1,2024-04-01,Damietta Governorate,41661.9,4,2024,49166.9,-0.152643,-0.930505
1,2024-05-01,Damietta Governorate,38976.8,5,2024,43829.5,-0.110718,-0.672126
1,2024-06-04,Damietta Governorate,39297.2,6,2024,44523.2,-0.117379,-0.713175
1,2024-07-01,Damietta Governorate,37206.4,7,2024,45213.7,-0.177099,-1.08122
1,2024-08-01,Damietta Governorate,38993.2,8,2024,39397.6,-0.0102626,-0.0530362
1,2024-09-01,Damietta Governorate,38371.3,9,2024,41419.1,-0.0735843,-0.443277
1,2024-10-01,Damietta Governorate,37317.6,10,2024,42633.2,-0.124682,-0.758184
1,2024-11-01,Damietta Governorate,33125.3,11,2024,41472.7,-0.201273,-1.2302
1,2024-12-01,Damietta Governorate,38768.9,12,2024,40871.4,-0.0514411,-0.306813
1,2021-01-01,Faiyum Governorate,90061.3,1,2021,89462.9,0.00668833,0.236111
1,2021-02-01,Faiyum Governorate,93886.9,2,2021,89399.4,0.0501959,0.686876
1,2021-03-01,Faiyum Governorate,102992,3,2021,92273,0.116165,1.37036
1,2021-04-01,Faiyum Governorate,110699,4,2021,99836.8,0.108804,1.29409
1,2021-05-01,Faiyum Governorate,105425,5,2021,95107.6,0.108485,1.29079
1,2021-06-01,Faiyum Governorate,98335,6,2021,91061.2,0.0798784,0.994403
1,2021-07-01,Faiyum Governorate,95634.3,7,2021,86340.4,0.107643,1.28206
1,2021-08-01,Faiyum Governorate,91456.2,8,2021,80337.4,0.138402,1.60074
1,2021-09-01,Faiyum Governorate,96195.4,9,2021,81901.1,0.174532,1.97507
1,2021-10-01,Faiyum Governorate,100732,10,2021,84306.9,0.194822,2.18528
1,2021-11-01,Faiyum Governorate,103111,11,2021,85788.4,0.20192,2.25883
1,2021-12-01,Faiyum Governorate,86904.6,12,2021,87681.6,-0.00886151,0.0750054
1,2022-01-01,Faiyum Governorate,88787.6,1,2022,89887.5,-0.0122356,0.0400481
1,2022-02-01,Faiyum Governorate,99284.4,2,2022,87600.2,0.133381,1.54872
1,2022-03-01,Faiyum Governorate,93523.7,3,2022,95429,-0.0199664,-0.0400481
1,2022-04-01,Faiyum Governorate,104829,4,2022,101794,0.0298147,0.475714
1,2022-05-01,Faiyum Governorate,104726,5,2022,95340.6,0.0984421,1.18674
1,2022-06-01,Faiyum Governorate,94841,6,2022,92225.9,0.0283552,0.460593
1,2022-07-01,Faiyum Governorate,100224,7,2022,84810.4,0.181744,2.04979
1,2022-08-01,Faiyum Governorate,80421.4,8,2022,84015.6,-0.0427801,-0.276412
1,2022-09-01,Faiyum Governorate,88507.2,9,2022,84463.8,0.0478711,0.662789
1,2022-10-01,Faiyum Governorate,84720.1,10,2022,89644,-0.0549281,-0.402272
1,2022-11-01,Faiyum Governorate,81416.9,11,2022,93019.7,-0.124735,-1.12551
1,2022-12-01,Faiyum Governorate,89588.6,12,2022,86786.9,0.0322824,0.501281
1,2023-01-01,Faiyum Governorate,87380.4,1,2023,90356.6,-0.0329385,-0.174446
1,2023-02-01,Faiyum Governorate,90130.2,2,2023,90651.6,-0.00575263,0.107215
1,2023-03-01,Faiyum Governorate,91307,3,2023,96167.9,-0.0505456,-0.356867
1,2023-04-01,Faiyum Governorate,98594.8,4,2023,103872,-0.0508012,-0.359515
1,2023-05-01,Faiyum Governorate,89587.5,5,2023,100387,-0.107577,-0.947746
1,2023-06-01,Faiyum Governorate,89607,6,2023,93970.5,-0.046435,-0.314278
1,2023-07-01,Faiyum Governorate,80247.5,7,2023,91469.3,-0.122684,-1.10426
1,2023-08-01,Faiyum Governorate,79425,8,2023,84347.8,-0.0583624,-0.437854
1,2023-09-01,Faiyum Governorate,76820,9,2023,88359.6,-0.130597,-1.18625
1,2023-10-01,Faiyum Governorate,82532.6,10,2023,90373.2,-0.0867581,-0.73205
1,2023-11-01,Faiyum Governorate,90598.8,11,2023,89959,0.007112,0.2405
1,2023-12-01,Faiyum Governorate,81579.7,12,2023,89456.6,-0.0880523,-0.745459
1,2024-01-01,Faiyum Governorate,92220.8,1,2024,88743.1,0.0391881,0.572828
1,2024-02-01,Faiyum Governorate,78783.6,2,2024,94433.8,-0.165726,-1.55021
1,2024-03-01,Faiyum Governorate,91988.2,3,2024,95940.9,-0.0411993,-0.260033
1,2024-04-01,Faiyum Governorate,96086.8,4,2024,104708,-0.082332,-0.686193
1,2024-05-01,Faiyum Governorate,91009,5,2024,99913,-0.0891173,-0.756493
1,2024-06-04,Faiyum Governorate,88735.6,6,2024,94261,-0.058618,-0.440501
1,2024-07-01,Faiyum Governorate,78549.5,7,2024,92035.4,-0.146529,-1.35131
1,2024-08-01,Faiyum Governorate,81165.7,8,2024,83767.6,-0.0310612,-0.154996
1,2024-09-01,Faiyum Governorate,80376,9,2024,87174.2,-0.0779843,-0.641148
1,2024-10-01,Faiyum Governorate,85667.9,10,2024,89328.1,-0.040975,-0.257709
1,2024-11-01,Faiyum Governorate,85349.5,11,2024,91708.8,-0.0693429,-0.551618
1,2024-12-01,Faiyum Governorate,91876.5,12,2024,86024.3,0.0680291,0.871638
1,2021-01-01,Gharbiyya Governorate,76175.9,1,2021,65266.6,0.16715,0.578089
1,2021-02-01,Gharbiyya Governorate,74588.5,2,2021,66587.8,0.120153,0.39863
1,2021-03-01,Gharbiyya Governorate,82057.6,3,2021,68953,0.190053,0.66554
1,2021-04-01,Gharbiyya Governorate,90363.9,4,2021,76511.8,0.181046,0.63115
1,2021-05-01,Gharbiyya Governorate,89126.6,5,2021,70222.2,0.269208,0.967795
1,2021-06-01,Gharbiyya Governorate,85888,6,2021,69195.6,0.241234,0.860976
1,2021-07-01,Gharbiyya Governorate,82960.7,7,2021,70694.8,0.173505,0.602354
1,2021-08-01,Gharbiyya Governorate,76697.9,8,2021,61981.8,0.237427,0.84644
1,2021-09-01,Gharbiyya Governorate,80995.5,9,2021,63002.4,0.285594,1.03036
1,2021-10-01,Gharbiyya Governorate,83067.1,10,2021,62315.3,0.333012,1.21143
1,2021-11-01,Gharbiyya Governorate,79850.4,11,2021,58717.2,0.359916,1.31416
1,2021-12-01,Gharbiyya Governorate,75505.7,12,2021,61289.7,0.231948,0.825516
1,2022-01-01,Gharbiyya Governorate,69382.8,1,2022,67530.9,0.027423,0.044543
1,2022-02-01,Gharbiyya Governorate,78969.8,2,2022,65127.4,0.212543,0.751418
1,2022-03-01,Gharbiyya Governorate,73963.9,3,2022,71650.9,0.0322819,0.0630969
1,2022-04-01,Gharbiyya Governorate,85103.9,4,2022,78265.1,0.0873795,0.273486
1,2022-05-01,Gharbiyya Governorate,84082.2,5,2022,71903.7,0.169373,0.586574
1,2022-06-01,Gharbiyya Governorate,80297.2,6,2022,71059.2,0.130004,0.436248
1,2022-07-01,Gharbiyya Governorate,101850,7,2022,64398.3,0.581568,2.16053
1,2022-08-01,Gharbiyya Governorate,68743.1,8,2022,64633.4,0.0635846,0.182625
1,2022-09-01,Gharbiyya Governorate,76253.6,9,2022,64583.1,0.180705,0.629847
1,2022-10-01,Gharbiyya Governorate,68402.7,10,2022,67203.5,0.0178452,0.00797053
1,2022-11-01,Gharbiyya Governorate,68543,11,2022,62486.3,0.0969287,0.309949
1,2022-12-01,Gharbiyya Governorate,69024.4,12,2022,63450.2,0.0878518,0.275289
1,2023-01-01,Gharbiyya Governorate,67100.8,1,2023,68291.6,-0.0174368,-0.126753
1,2023-02-01,Gharbiyya Governorate,66134.2,2,2023,69405.9,-0.0471398,-0.240173
1,2023-03-01,Gharbiyya Governorate,70019.3,3,2023,72965.7,-0.0403811,-0.214365
1,2023-04-01,Gharbiyya Governorate,80792,4,2023,79702.4,0.0136705,-0.00797053
1,2023-05-01,Gharbiyya Governorate,64289.9,5,2023,78501.1,-0.181031,-0.751433
1,2023-06-01,Gharbiyya Governorate,66523.8,6,2023,75650.3,-0.120641,-0.520837
1,2023-07-01,Gharbiyya Governorate,56729.2,7,2023,79438.6,-0.285874,-1.15177
1,2023-08-01,Gharbiyya Governorate,59141.1,8,2023,67834.1,-0.128151,-0.549513
1,2023-09-01,Gharbiyya Governorate,55390.2,9,2023,71537.6,-0.225719,-0.922074
1,2023-10-01,Gharbiyya Governorate,59836.1,10,2023,70059,-0.145918,-0.617356
1,2023-11-01,Gharbiyya Governorate,55786.4,11,2023,66738.5,-0.164104,-0.686798
1,2023-12-01,Gharbiyya Governorate,55801,12,2023,67858,-0.17768,-0.738636
1,2024-01-01,Gharbiyya Governorate,59316.1,1,2024,70886.5,-0.163225,-0.683441
1,2024-02-01,Gharbiyya Governorate,54659.5,2,2024,73230.8,-0.253599,-1.02853
1,2024-03-01,Gharbiyya Governorate,62875.7,3,2024,75346.9,-0.165518,-0.692198
1,2024-04-01,Gharbiyya Governorate,63639.4,4,2024,85419.9,-0.254982,-1.03381
1,2024-05-01,Gharbiyya Governorate,62294.4,5,2024,79166.2,-0.213119,-0.873959
1,2024-06-04,Gharbiyya Governorate,60765.9,6,2024,77569.6,-0.216628,-0.887361
1,2024-07-01,Gharbiyya Governorate,53504.9,7,2024,80513.4,-0.335453,-1.34109
1,2024-08-01,Gharbiyya Governorate,58061.2,8,2024,68194,-0.148589,-0.627553
1,2024-09-01,Gharbiyya Governorate,57363.6,9,2024,70879.8,-0.190692,-0.788323
1,2024-10-01,Gharbiyya Governorate,58707.2,10,2024,70435.3,-0.166509,-0.695983
1,2024-11-01,Gharbiyya Governorate,51822,11,2024,68060,-0.238582,-0.971192
1,2024-12-01,Gharbiyya Governorate,59043.8,12,2024,66777,-0.115807,-0.502377
1,2021-01-01,Giza Governorate,308563,1,2021,350857,-0.120543,-1.72995
1,2021-02-01,Giza Governorate,324553,2,2021,360077,-0.0986574,-1.38802
1,2021-03-01,Giza Governorate,366038,3,2021,376228,-0.0270843,-0.269803
1,2021-04-01,Giza Governorate,412130,4,2021,423882,-0.0277255,-0.27982
1,2021-05-01,Giza Governorate,379912,5,2021,388954,-0.0232488,-0.209879
1,2021-06-01,Giza Governorate,376317,6,2021,379014,-0.00711591,0.0421719
1,2021-07-01,Giza Governorate,364837,7,2021,347749,0.0491395,0.921075
1,2021-08-01,Giza Governorate,354532,8,2021,333110,0.0643099,1.15809
1,2021-09-01,Giza Governorate,366691,9,2021,348003,0.0537014,0.992346
1,2021-10-01,Giza Governorate,377023,10,2021,354580,0.0632939,1.14221
1,2021-11-01,Giza Governorate,358670,11,2021,363215,-0.0125145,-0.0421719
1,2021-12-01,Giza Governorate,359846,12,2021,359464,0.00106302,0.169955
1,2022-01-01,Giza Governorate,331227,1,2022,343302,-0.0351725,-0.396169
1,2022-02-01,Giza Governorate,374530,2,2022,343418,0.0905966,1.56878
1,2022-03-01,Giza Governorate,366023,3,2022,376233,-0.0271377,-0.270638
1,2022-04-01,Giza Governorate,438105,4,2022,415224,0.0551064,1.0143
1,2022-05-01,Giza Governorate,415707,5,2022,377023,0.102604,1.75638
1,2022-06-01,Giza Governorate,387817,6,2022,375180,0.0336812,0.679562
1,2022-07-01,Giza Governorate,380361,7,2022,342574,0.110301,1.87663
1,2022-08-01,Giza Governorate,321853,8,2022,344003,-0.064391,-0.852661
1,2022-09-01,Giza Governorate,377431,9,2022,344422,0.0958388,1.65068
1,2022-10-01,Giza Governorate,352165,10,2022,362866,-0.0294908,-0.307401
1,2022-11-01,Giza Governorate,352098,11,2022,365406,-0.0364201,-0.415659
1,2022-12-01,Giza Governorate,352412,12,2022,361942,-0.0263275,-0.257979
1,2023-01-01,Giza Governorate,355469,1,2023,335221,0.0604011,1.09702
1,2023-02-01,Giza Governorate,370550,2,2023,344744,0.0748533,1.32281
1,2023-03-01,Giza Governorate,376489,3,2023,372744,0.0100474,0.310322
1,2023-04-01,Giza Governorate,431123,4,2023,417551,0.032504,0.661171
1,2023-05-01,Giza Governorate,374741,5,2023,390678,-0.0407917,-0.48396
1,2023-06-01,Giza Governorate,378827,6,2023,378177,0.00171992,0.180218
1,2023-07-01,Giza Governorate,343399,7,2023,354895,-0.032393,-0.352743
1,2023-08-01,Giza Governorate,330768,8,2023,341032,-0.0300969,-0.31687
1,2023-09-01,Giza Governorate,328017,9,2023,360894,-0.0910982,-1.26992
1,2023-10-01,Giza Governorate,349852,10,2023,363637,-0.0379077,-0.438902
1,2023-11-01,Giza Governorate,375647,11,2023,357556,0.0505941,0.943801
1,2023-12-01,Giza Governorate,334821,12,2023,367805,-0.0896791,-1.24775
1,2024-01-01,Giza Governorate,365874,1,2024,331753,0.102849,1.76019
1,2024-02-01,Giza Governorate,335151,2,2024,356544,-0.0600023,-0.784095
1,2024-03-01,Giza Governorate,386171,3,2024,369516,0.045072,0.857526
1,2024-04-01,Giza Governorate,402418,4,2024,427119,-0.0578321,-0.750189
1,2024-05-01,Giza Governorate,376415,5,2024,390120,-0.0351301,-0.395505
1,2024-06-04,Giza Governorate,370397,6,2024,380987,-0.027796,-0.280922
1,2024-07-01,Giza Governorate,319487,7,2024,362865,-0.119544,-1.71435
1,2024-08-01,Giza Governorate,346710,8,2024,335717,0.0327431,0.664906
1,2024-09-01,Giza Governorate,338559,9,2024,357380,-0.0526623,-0.669419
1,2024-10-01,Giza Governorate,361723,10,2024,359680,0.00568041,0.242094
1,2024-11-01,Giza Governorate,361901,11,2024,362138,-0.000653623,0.143135
1,2024-12-01,Giza Governorate,391158,12,2024,349026,0.120711,2.03927
1,2021-01-01,Ismailia Governorate,58895.4,1,2021,67165.4,-0.123129,-1.2323
1,2021-02-01,Ismailia Governorate,60548.8,2,2021,67711.6,-0.105785,-1.06331
1,2021-03-01,Ismailia Governorate,71702.2,3,2021,72780,-0.0148087,-0.176866
1,2021-04-01,Ismailia Governorate,77074.3,4,2021,79158.5,-0.0263301,-0.289127
1,2021-05-01,Ismailia Governorate,75886.8,5,2021,75151.9,0.00977815,0.062702
1,2021-06-01,Ismailia Governorate,75438.1,6,2021,72934.3,0.0343293,0.301921
1,2021-07-01,Ismailia Governorate,73802.3,7,2021,68526.4,0.0769903,0.717598
1,2021-08-01,Ismailia Governorate,72400.2,8,2021,62553.9,0.157406,1.50114
1,2021-09-01,Ismailia Governorate,71347.9,9,2021,65551,0.0884331,0.829093
1,2021-10-01,Ismailia Governorate,72547.4,10,2021,64433.8,0.125921,1.19437
1,2021-11-01,Ismailia Governorate,69217.9,11,2021,68644.3,0.00835719,0.0488565
1,2021-12-01,Ismailia Governorate,71143.9,12,2021,66586.1,0.0684497,0.63438
1,2022-01-01,Ismailia Governorate,62271.6,1,2022,66039.9,-0.0570613,-0.588562
1,2022-02-01,Ismailia Governorate,71576.9,2,2022,64035.6,0.117767,1.11491
1,2022-03-01,Ismailia Governorate,73442.1,3,2022,72200.1,0.0172024,0.135041
1,2022-04-01,Ismailia Governorate,85533.3,4,2022,76338.9,0.120442,1.14098
1,2022-05-01,Ismailia Governorate,81789.2,5,2022,73184.4,0.117576,1.11305
1,2022-06-01,Ismailia Governorate,77404.2,6,2022,72278.9,0.0709093,0.658346
1,2022-07-01,Ismailia Governorate,79195.1,7,2022,66728.8,0.186821,1.78776
1,2022-08-01,Ismailia Governorate,62882.3,8,2022,65726.5,-0.0432733,-0.454216
1,2022-09-01,Ismailia Governorate,73650.8,9,2022,64783.4,0.136879,1.30114
1,2022-10-01,Ismailia Governorate,64594.1,10,2022,67084.9,-0.0371302,-0.39436
1,2022-11-01,Ismailia Governorate,70747.6,11,2022,68134.4,0.0383534,0.341131
1,2022-12-01,Ismailia Governorate,70334.7,12,2022,66855.8,0.0520359,0.474449
1,2023-01-01,Ismailia Governorate,70796.5,1,2023,63198.3,0.120228,1.1389
1,2023-02-01,Ismailia Governorate,69535.7,2,2023,64716,0.0744752,0.693091
1,2023-03-01,Ismailia Governorate,72772.1,3,2023,72423.4,0.00481432,0.0143359
1,2023-04-01,Ismailia Governorate,79465.5,4,2023,78361.5,0.0140883,0.104699
1,2023-05-01,Ismailia Governorate,72829.1,5,2023,76171.1,-0.0438758,-0.460086
1,2023-06-01,Ismailia Governorate,72305.7,6,2023,73978.4,-0.0226105,-0.252883
1,2023-07-01,Ismailia Governorate,65852.3,7,2023,71176.4,-0.074801,-0.761413
1,2023-08-01,Ismailia Governorate,59298.9,8,2023,66921,-0.113897,-1.14235
1,2023-09-01,Ismailia Governorate,59454,9,2023,69515.6,-0.144739,-1.44287
1,2023-10-01,Ismailia Governorate,62151.9,10,2023,67899,-0.0846411,-0.857292
1,2023-11-01,Ismailia Governorate,67557.7,11,2023,69197.7,-0.0237008,-0.263507
1,2023-12-01,Ismailia Governorate,60780.1,12,2023,70040.7,-0.132218,-1.32086
1,2024-01-01,Ismailia Governorate,68427.9,1,2024,63987.8,0.0693893,0.643535
1,2024-02-01,Ismailia Governorate,62022.3,2,2024,67220.5,-0.0773294,-0.786049
1,2024-03-01,Ismailia Governorate,72125.9,3,2024,72638.8,-0.00706099,-0.101374
1,2024-04-01,Ismailia Governorate,72476.9,4,2024,80691,-0.101797,-1.02446
1,2024-05-01,Ismailia Governorate,70837.5,5,2024,76835,-0.0780569,-0.793137
1,2024-06-04,Ismailia Governorate,69093,6,2024,75049.3,-0.0793657,-0.80589
1,2024-07-01,Ismailia Governorate,60531.7,7,2024,72949.9,-0.170229,-1.69123
1,2024-08-01,Ismailia Governorate,65480.4,8,2024,64860.5,0.00955814,0.0605582
1,2024-09-01,Ismailia Governorate,63548.2,9,2024,68150.9,-0.0675371,-0.690636
1,2024-10-01,Ismailia Governorate,66555.5,10,2024,66431.1,0.00187173,-0.0143359
1,2024-11-01,Ismailia Governorate,67627.6,11,2024,69174.4,-0.0223611,-0.250453
1,2024-12-01,Ismailia Governorate,68643.5,12,2024,67419.5,0.0181537,0.144311
1,2021-01-01,Kafr el-Sheikh Governorate,78348.6,1,2021,72553.9,0.0798677,0.638785
1,2021-02-01,Kafr el-Sheikh Governorate,80254.5,2,2021,71052.1,0.129516,0.971782
1,2021-03-01,Kafr el-Sheikh Governorate,88908.7,3,2021,77370.8,0.149125,1.10331
1,2021-04-01,Kafr el-Sheikh Governorate,96185.3,4,2021,88165,0.0909683,0.713239
1,2021-05-01,Kafr el-Sheikh Governorate,95749.1,5,2021,81439.8,0.175704,1.28157
1,2021-06-01,Kafr el-Sheikh Governorate,93549.1,6,2021,80748.2,0.15853,1.16639
1,2021-07-01,Kafr el-Sheikh Governorate,88652.6,7,2021,78435.8,0.130257,0.976757
1,2021-08-01,Kafr el-Sheikh Governorate,83528.3,8,2021,72840.4,0.14673,1.08724
1,2021-09-01,Kafr el-Sheikh Governorate,88718.1,9,2021,75032.9,0.182388,1.32641
1,2021-10-01,Kafr el-Sheikh Governorate,91841.8,10,2021,74444.3,0.233699,1.67056
1,2021-11-01,Kafr el-Sheikh Governorate,87438.8,11,2021,67219.4,0.300797,2.1206
0.998077,2021-12-01,Kafr el-Sheikh Governorate,80822,12,2021,71309.1,0.133403,0.997859
0.999292,2022-01-01,Kafr el-Sheikh Governorate,73026.2,1,2022,74328.1,-0.017515,-0.0143789
1,2022-02-01,Kafr el-Sheikh Governorate,80505.4,2,2022,70968.5,0.134382,1.00442
1,2022-03-01,Kafr el-Sheikh Governorate,80031.9,3,2022,80329.7,-0.0037077,0.0782294
1,2022-04-01,Kafr el-Sheikh Governorate,92091.9,4,2022,89529.5,0.0286217,0.295068
1,2022-05-01,Kafr el-Sheikh Governorate,90283.5,5,2022,83261.7,0.0843342,0.668742
1,2022-06-01,Kafr el-Sheikh Governorate,87476.9,6,2022,82772.2,0.0568384,0.484323
1,2022-07-01,Kafr el-Sheikh Governorate,93037.1,7,2022,76974.3,0.208677,1.50273
1,2022-08-01,Kafr el-Sheikh Governorate,74760.8,8,2022,75762.9,-0.0132274,0.0143789
1,2022-09-01,Kafr el-Sheikh Governorate,83410.7,9,2022,76802.1,0.0860483,0.680239
1,2022-10-01,Kafr el-Sheikh Governorate,75977.7,10,2022,79732.3,-0.0470897,-0.212741
0.999595,2022-11-01,Kafr el-Sheikh Governorate,73620.4,11,2022,71825.6,0.0249889,0.270703
1,2022-12-01,Kafr el-Sheikh Governorate,75296.2,12,2022,73151.1,0.0293244,0.299782
0.999848,2023-01-01,Kafr el-Sheikh Governorate,72435.6,1,2023,74525,-0.0280358,-0.0849439
0.999949,2023-02-01,Kafr el-Sheikh Governorate,69504.6,2,2023,74635.5,-0.0687461,-0.357995
1,2023-03-01,Kafr el-Sheikh Governorate,74587.2,3,2023,82144.7,-0.0920022,-0.513978
1,2023-04-01,Kafr el-Sheikh Governorate,93875.5,4,2023,88934.9,0.0555522,0.475696
1,2023-05-01,Kafr el-Sheikh Governorate,76099.6,5,2023,87989.7,-0.13513,-0.803244
1,2023-06-01,Kafr el-Sheikh Governorate,79071.6,6,2023,85574,-0.0759858,-0.406553
1,2023-07-01,Kafr el-Sheikh Governorate,72333,7,2023,83875.7,-0.137616,-0.819918
1,2023-08-01,Kafr el-Sheikh Governorate,70168.6,8,2023,77293.7,-0.0921814,-0.51518
1,2023-09-01,Kafr el-Sheikh Governorate,68074.7,9,2023,81914.1,-0.168949,-1.03007
1,2023-10-01,Kafr el-Sheikh Governorate,73443,10,2023,80577.2,-0.0885388,-0.490748
1,2023-11-01,Kafr el-Sheikh Governorate,62805,11,2023,75430.7,-0.167382,-1.01956
1,2023-12-01,Kafr el-Sheikh Governorate,64918.6,12,2023,76610.3,-0.152613,-0.920505
1,2024-01-01,Kafr el-Sheikh Governorate,72200,1,2024,74603.5,-0.0322168,-0.112986
1,2024-02-01,Kafr el-Sheikh Governorate,63146.5,2,2024,76754.8,-0.177297,-1.08606
1,2024-03-01,Kafr el-Sheikh Governorate,77493.3,3,2024,81175.9,-0.0453658,-0.201179
1,2024-04-01,Kafr el-Sheikh Governorate,78527.7,4,2024,94050.9,-0.165052,-1.00393
1,2024-05-01,Kafr el-Sheikh Governorate,77936.4,5,2024,87377.4,-0.108049,-0.621607
1,2024-06-04,Kafr el-Sheikh Governorate,75696,6,2024,86699.2,-0.126913,-0.748128
1,2024-07-01,Kafr el-Sheikh Governorate,69937.3,7,2024,84674.2,-0.174043,-1.06424
1,2024-08-01,Kafr el-Sheikh Governorate,73591.9,8,2024,76152.6,-0.0336261,-0.122439
1,2024-09-01,Kafr el-Sheikh Governorate,73613.3,9,2024,80067.8,-0.080613,-0.437588
1,2024-10-01,Kafr el-Sheikh Governorate,73912.1,10,2024,80420.8,-0.0809335,-0.439738
1,2024-11-01,Kafr el-Sheikh Governorate,65232.9,11,2024,74621.4,-0.125815,-0.740766
1,2024-12-01,Kafr el-Sheikh Governorate,73712.6,12,2024,73678.9,0.000457749,0.106168
1,2021-01-01,Luxor Governate,62287.7,1,2021,57812,0.0774187,0.776345
1,2021-02-01,Luxor Governate,60721.6,2,2021,59090.4,0.0276045,0.397086
1,2021-03-01,Luxor Governate,62602.5,3,2021,58751.9,0.0655398,0.685906
1,2021-04-01,Luxor Governate,66368.1,4,2021,59648.7,0.112648,1.04457
1,2021-05-01,Luxor Governate,63993.4,5,2021,55607.7,0.150802,1.33505
1,2021-06-01,Luxor Governate,62411.4,6,2021,52684.1,0.184634,1.59263
1,2021-07-01,Luxor Governate,60022.3,7,2021,53161.2,0.129062,1.16953
1,2021-08-01,Luxor Governate,62279.1,8,2021,48474.8,0.284773,2.35503
1,2021-09-01,Luxor Governate,60404.1,9,2021,50348,0.199732,1.70757
1,2021-10-01,Luxor Governate,62376,10,2021,54426.9,0.14605,1.29887
1,2021-11-01,Luxor Governate,64087.4,11,2021,54617,0.173397,1.50708
1,2021-12-01,Luxor Governate,62866.6,12,2021,56347.9,0.115687,1.0677
1,2022-01-01,Luxor Governate,62746.1,1,2022,57659.2,0.0882237,0.858609
1,2022-02-01,Luxor Governate,65242.7,2,2022,57583.4,0.133012,1.1996
1,2022-03-01,Luxor Governate,61501.5,3,2022,59118.9,0.0403026,0.493763
1,2022-04-01,Luxor Governate,63366.3,4,2022,60649.3,0.044799,0.527996
1,2022-05-01,Luxor Governate,61959.5,5,2022,56285.7,0.100804,0.954389
1,2022-06-01,Luxor Governate,61576.1,6,2022,52962.5,0.162635,1.42514
1,2022-07-01,Luxor Governate,66349.1,7,2022,51052.3,0.299631,2.46816
1,2022-08-01,Luxor Governate,51312.3,8,2022,52130.4,-0.0156933,0.0674385
1,2022-09-01,Luxor Governate,51725,9,2022,53241,-0.0284739,-0.0298658
1,2022-10-01,Luxor Governate,54162.5,10,2022,57164.7,-0.0525195,-0.212937
1,2022-11-01,Luxor Governate,55795.2,11,2022,57381.1,-0.0276389,-0.0235086
1,2022-12-01,Luxor Governate,57774.6,12,2022,58045.2,-0.0046617,0.151428
1,2023-01-01,Luxor Governate,56939.9,1,2023,59594.6,-0.0445455,-0.152227
1,2023-02-01,Luxor Governate,58535.3,2,2023,59819.2,-0.0214633,0.0235086
1,2023-03-01,Luxor Governate,57803.3,3,2023,60351.6,-0.0422238,-0.13455
1,2023-04-01,Luxor Governate,58188.7,4,2023,62375.2,-0.0671181,-0.324083
1,2023-05-01,Luxor Governate,51497.3,5,2023,59773,-0.138452,-0.867185
1,2023-06-01,Luxor Governate,48532.8,6,2023,57310.3,-0.153158,-0.979149
1,2023-07-01,Luxor Governate,45234,7,2023,58090.6,-0.22132,-1.4981
1,2023-08-01,Luxor Governate,46656.7,8,2023,53682.3,-0.130873,-0.809477
1,2023-09-01,Luxor Governate,49098.7,9,2023,54116.4,-0.09272,-0.519003
1,2023-10-01,Luxor Governate,52118.7,10,2023,57846,-0.0990092,-0.566886
1,2023-11-01,Luxor Governate,53493.3,11,2023,58148.4,-0.0800562,-0.422587
1,2023-12-01,Luxor Governate,52948.7,12,2023,59653.9,-0.112401,-0.668847
1,2024-01-01,Luxor Governate,53750,1,2024,60657.9,-0.113884,-0.680134
1,2024-02-01,Luxor Governate,53493.3,2,2024,61499.9,-0.130187,-0.80426
1,2024-03-01,Luxor Governate,56950.8,3,2024,60635.8,-0.060772,-0.275767
1,2024-04-01,Luxor Governate,57391.2,4,2024,62641,-0.0838085,-0.451155
1,2024-05-01,Luxor Governate,53366.2,5,2024,59150.1,-0.0977825,-0.557546
1,2024-06-04,Luxor Governate,47943.4,6,2024,57506.8,-0.166299,-1.0792
1,2024-07-01,Luxor Governate,47900.5,7,2024,57201.8,-0.162605,-1.05107
1,2024-08-01,Luxor Governate,47455.4,8,2024,53416.1,-0.111589,-0.662665
1,2024-09-01,Luxor Governate,50220.2,9,2024,53742.6,-0.0655425,-0.312087
1,2024-10-01,Luxor Governate,56999.6,10,2024,56219.1,0.0138832,0.292619
1,2024-11-01,Luxor Governate,54562.6,11,2024,57792,-0.0558788,-0.238513
1,2024-12-01,Luxor Governate,58320.4,12,2024,57863.3,0.00789918,0.24706
0.999999,2021-01-01,Matrouh Governorate,424025,1,2021,475186,-0.107666,-0.922694
1,2021-02-01,Matrouh Governorate,444374,2,2021,491119,-0.0951789,-0.808588
1,2021-03-01,Matrouh Governorate,458060,3,2021,499283,-0.0825653,-0.693323
1,2021-04-01,Matrouh Governorate,478046,4,2021,551244,-0.132787,-1.15226
1,2021-05-01,Matrouh Governorate,513266,5,2021,531387,-0.0341014,-0.250453
1,2021-06-01,Matrouh Governorate,518045,6,2021,528186,-0.0191997,-0.11428
1,2021-07-01,Matrouh Governorate,499470,7,2021,474562,0.052486,0.540794
1,2021-08-01,Matrouh Governorate,551467,8,2021,510997,0.0791996,0.784906
1,2021-09-01,Matrouh Governorate,483433,9,2021,554319,-0.12788,-1.10741
1,2021-10-01,Matrouh Governorate,528566,10,2021,571188,-0.0746199,-0.620717
1,2021-11-01,Matrouh Governorate,499862,11,2021,545503,-0.0836675,-0.703395
1,2021-12-01,Matrouh Governorate,468399,12,2021,522945,-0.104305,-0.891986
1,2022-01-01,Matrouh Governorate,422331,1,2022,475751,-0.112285,-0.964906
1,2022-02-01,Matrouh Governorate,475635,2,2022,480699,-0.0105348,-0.0350988
1,2022-03-01,Matrouh Governorate,496793,3,2022,486372,0.0214246,0.256951
1,2022-04-01,Matrouh Governorate,575976,4,2022,518601,0.110633,1.07215
1,2022-05-01,Matrouh Governorate,567637,5,2022,513264,0.105937,1.02923
1,2022-06-01,Matrouh Governorate,519634,6,2022,527656,-0.0152016,-0.0777449
1,2022-07-01,Matrouh Governorate,435736,7,2022,495806,-0.121156,-1.04597
1,2022-08-01,Matrouh Governorate,434822,8,2022,549878,-0.209239,-1.85088
1,2022-09-01,Matrouh Governorate,543640,9,2022,534250,0.0175749,0.221771
1,2022-10-01,Matrouh Governorate,517834,10,2022,574765,-0.0990514,-0.843975
1,2022-11-01,Matrouh Governorate,450036,11,2022,562111,-0.199382,-1.76081
1,2022-12-01,Matrouh Governorate,486519,12,2022,516905,-0.0587852,-0.476018
0.999999,2023-01-01,Matrouh Governorate,479324,1,2023,456753,0.0494148,0.512728
1,2023-02-01,Matrouh Governorate,477045,2,2023,480229,-0.00662959,0.000587629
1,2023-03-01,Matrouh Governorate,475987,3,2023,493307,-0.0351101,-0.259671
1,2023-04-01,Matrouh Governorate,533710,4,2023,532689,0.00191633,0.0786813
1,2023-05-01,Matrouh Governorate,533348,5,2023,524693,0.0164955,0.211908
1,2023-06-01,Matrouh Governorate,570816,6,2023,510595,0.117943,1.13895
1,2023-07-01,Matrouh Governorate,490422,7,2023,477578,0.026895,0.306939
1,2023-08-01,Matrouh Governorate,501083,8,2023,527791,-0.0506026,-0.401244
1,2023-09-01,Matrouh Governorate,559526,9,2023,528955,0.0577942,0.589301
1,2023-10-01,Matrouh Governorate,621674,10,2023,540152,0.150923,1.44033
1,2023-11-01,Matrouh Governorate,655495,11,2023,493625,0.327922,3.05776
1,2023-12-01,Matrouh Governorate,506723,12,2023,510171,-0.0067582,-0.000587629
1,2024-01-01,Matrouh Governorate,523904,1,2024,441893,0.185589,1.75711
1,2024-02-01,Matrouh Governorate,520677,2,2024,465685,0.118088,1.14028
1,2024-03-01,Matrouh Governorate,525070,3,2024,476947,0.100899,0.983194
1,2024-04-01,Matrouh Governorate,544047,4,2024,529244,0.0279695,0.316758
1,2024-05-01,Matrouh Governorate,493176,5,2024,538084,-0.0834582,-0.701483
1,2024-06-04,Matrouh Governorate,494106,6,2024,536165,-0.0784436,-0.655658
1,2024-07-01,Matrouh Governorate,497527,7,2024,475209,0.046964,0.490333
1,2024-08-01,Matrouh Governorate,597084,8,2024,495791,0.204306,1.92814
1,2024-09-01,Matrouh Governorate,559792,9,2024,528866,0.0584764,0.595534
1,2024-10-01,Matrouh Governorate,574056,10,2024,556025,0.0324298,0.357518
1,2024-11-01,Matrouh Governorate,530976,11,2024,535131,-0.00776421,-0.00978068
1,2024-12-01,Matrouh Governorate,575594,12,2024,487214,0.181399,1.71882
1,2021-01-01,Minya Governate,147249,1,2021,151437,-0.0276514,-0.212866
1,2021-02-01,Minya Governate,148818,2,2021,157731,-0.0565102,-0.614728
1,2021-03-01,Minya Governate,164167,3,2021,168596,-0.0262686,-0.193611
1,2021-04-01,Minya Governate,188104,4,2021,191658,-0.0185417,-0.0860123
1,2021-05-01,Minya Governate,181422,5,2021,168561,0.0762984,1.23465
1,2021-06-01,Minya Governate,173916,6,2021,161564,0.0764537,1.23681
1,2021-07-01,Minya Governate,166726,7,2021,147797,0.128077,1.95568
1,2021-08-01,Minya Governate,168924,8,2021,148520,0.137383,2.08526
1,2021-09-01,Minya Governate,172186,9,2021,157622,0.0923933,1.45877
1,2021-10-01,Minya Governate,184319,10,2021,163797,0.125289,1.91684
1,2021-11-01,Minya Governate,172063,11,2021,159766,0.076968,1.24397
1,2021-12-01,Minya Governate,152714,12,2021,151795,0.00605348,0.256478
1,2022-01-01,Minya Governate,149450,1,2022,150703,-0.00831021,0.0564621
1,2022-02-01,Minya Governate,166865,2,2022,151716,0.0998494,1.5626
1,2022-03-01,Minya Governate,164096,3,2022,168620,-0.0268283,-0.201404
1,2022-04-01,Minya Governate,193963,4,2022,189705,0.022446,0.484745
1,2022-05-01,Minya Governate,178047,5,2022,169686,0.0492707,0.858284
1,2022-06-01,Minya Governate,166248,6,2022,164120,0.0129628,0.352691
1,2022-07-01,Minya Governate,151437,7,2022,152893,-0.00951972,0.0396196
1,2022-08-01,Minya Governate,135809,8,2022,159559,-0.148845,-1.9005
1,2022-09-01,Minya Governate,165223,9,2022,159943,0.0330083,0.631827
1,2022-10-01,Minya Governate,158943,10,2022,172256,-0.0772853,-0.904025
1,2022-11-01,Minya Governate,142005,11,2022,169785,-0.163618,-2.10621
1,2022-12-01,Minya Governate,149641,12,2022,152819,-0.0207958,-0.117402
1,2023-01-01,Minya Governate,146186,1,2023,151791,-0.0369281,-0.342046
1,2023-02-01,Minya Governate,161405,2,2023,153536,0.0512527,0.885884
1,2023-03-01,Minya Governate,169689,3,2023,166755,0.0175925,0.41716
1,2023-04-01,Minya Governate,193113,4,2023,189988,0.0164469,0.401208
1,2023-05-01,Minya Governate,167039,5,2023,173355,-0.0364326,-0.335146
1,2023-06-01,Minya Governate,162767,6,2023,165281,-0.0152101,-0.0396196
1,2023-07-01,Minya Governate,144537,7,2023,155193,-0.0686637,-0.783968
1,2023-08-01,Minya Governate,150752,8,2023,154578,-0.0247499,-0.172463
1,2023-09-01,Minya Governate,153820,9,2023,163744,-0.060612,-0.671846
1,2023-10-01,Minya Governate,168486,10,2023,169075,-0.0034816,0.123701
1,2023-11-01,Minya Governate,182671,11,2023,156230,0.169242,2.52889
1,2023-12-01,Minya Governate,144781,12,2023,154439,-0.0625363,-0.698643
1,2024-01-01,Minya Governate,158674,1,2024,147628,0.0748173,1.21402
1,2024-02-01,Minya Governate,144925,2,2024,159029,-0.0886909,-1.06285
1,2024-03-01,Minya Governate,172003,3,2024,165984,0.036262,0.677135
1,2024-04-01,Minya Governate,187897,4,2024,191727,-0.019972,-0.10593
1,2024-05-01,Minya Governate,160597,5,2024,175503,-0.0849315,-1.0105
1,2024-06-04,Minya Governate,155678,6,2024,167644,-0.0713758,-0.821733
1,2024-07-01,Minya Governate,147416,7,2024,154233,-0.0442043,-0.443368
1,2024-08-01,Minya Governate,159000,8,2024,151829,0.0472317,0.82989
1,2024-09-01,Minya Governate,153825,9,2024,163743,-0.0605696,-0.671257
1,2024-10-01,Minya Governate,163962,10,2024,170583,-0.0388107,-0.36826
1,2024-11-01,Minya Governate,154622,11,2024,165580,-0.0661774,-0.749346
1,2024-12-01,Minya Governate,160962,12,2024,149045,0.0799567,1.28559
1,2021-01-01,Monufia Governorate,80165,1,2021,82146.7,-0.0241233,-0.257394
1,2021-02-01,Monufia Governorate,86941,2,2021,84950.7,0.0234289,0.0398729
1,2021-03-01,Monufia Governorate,94714.6,3,2021,86841.8,0.0906575,0.460145
1,2021-04-01,Monufia Governorate,103650,4,2021,94745.8,0.093984,0.48094
1,2021-05-01,Monufia Governorate,101120,5,2021,89060.5,0.135412,0.739926
1,2021-06-01,Monufia Governorate,97703,6,2021,88398,0.105263,0.551449
1,2021-07-01,Monufia Governorate,92787.8,7,2021,82876.1,0.119596,0.641051
1,2021-08-01,Monufia Governorate,86613.3,8,2021,77945.9,0.111197,0.588548
1,2021-09-01,Monufia Governorate,93103.9,9,2021,78050.8,0.192863,1.09907
1,2021-10-01,Monufia Governorate,95080.3,10,2021,78572.9,0.21009,1.20677
1,2021-11-01,Monufia Governorate,87652.7,11,2021,75823.9,0.156005,0.868656
1,2021-12-01,Monufia Governorate,91148.7,12,2021,78884.2,0.155474,0.865337
1,2022-01-01,Monufia Governorate,83941.4,1,2022,80887.9,0.0377501,0.129401
1,2022-02-01,Monufia Governorate,98247.6,2,2022,81181.8,0.210216,1.20755
1,2022-03-01,Monufia Governorate,91858.8,3,2022,87793.7,0.046302,0.182862
1,2022-04-01,Monufia Governorate,103395,4,2022,94831,0.0903032,0.457931
1,2022-05-01,Monufia Governorate,103332,5,2022,88323.3,0.169928,0.955695
1,2022-06-01,Monufia Governorate,98988.7,6,2022,87969.5,0.125262,0.676473
1,2022-07-01,Monufia Governorate,107116,7,2022,78099.9,0.371529,2.21598
1,2022-08-01,Monufia Governorate,84405.6,8,2022,78681.8,0.0727462,0.348175
1,2022-09-01,Monufia Governorate,91451.3,9,2022,78601.7,0.163477,0.915367
1,2022-10-01,Monufia Governorate,85634.1,10,2022,81721.7,0.047875,0.192695
1,2022-11-01,Monufia Governorate,85224.5,11,2022,76633.3,0.112108,0.594242
1,2022-12-01,Monufia Governorate,84102.2,12,2022,81233,0.0353202,0.11421
1,2023-01-01,Monufia Governorate,84429.7,1,2023,80725.1,0.045891,0.180293
1,2023-02-01,Monufia Governorate,84842.2,2,2023,85650.3,-0.00943433,-0.165568
1,2023-03-01,Monufia Governorate,86026,3,2023,89738,-0.0413652,-0.36518
1,2023-04-01,Monufia Governorate,97746.1,4,2023,96713.9,0.0106724,-0.0398729
1,2023-05-01,Monufia Governorate,82630.1,5,2023,95223.9,-0.132255,-0.933366
1,2023-06-01,Monufia Governorate,85268.4,6,2023,92542.9,-0.078606,-0.597986
1,2023-07-01,Monufia Governorate,73990.8,7,2023,89141.8,-0.169965,-1.16911
1,2023-08-01,Monufia Governorate,74737.2,8,2023,81904.6,-0.0875092,-0.653644
1,2023-09-01,Monufia Governorate,69090.3,9,2023,86055.4,-0.197141,-1.339
1,2023-10-01,Monufia Governorate,74407.8,10,2023,85463.8,-0.129364,-0.915296
1,2023-11-01,Monufia Governorate,71142.3,11,2023,81327.3,-0.125235,-0.889482
1,2023-12-01,Monufia Governorate,72884.8,12,2023,84972.2,-0.14225,-0.995853
1,2024-01-01,Monufia Governorate,78068.9,1,2024,82845.4,-0.0576548,-0.467013
1,2024-02-01,Monufia Governorate,71762.3,2,2024,90010.3,-0.202732,-1.37395
1,2024-03-01,Monufia Governorate,82640.6,3,2024,90866.5,-0.0905269,-0.672509
1,2024-04-01,Monufia Governorate,83096.7,4,2024,101597,-0.182095,-1.24494
1,2024-05-01,Monufia Governorate,81219.5,5,2024,95694.1,-0.15126,-1.05217
1,2024-06-04,Monufia Governorate,80936.9,6,2024,93986.7,-0.138848,-0.974582
1,2024-07-01,Monufia Governorate,67521.3,7,2024,91298.3,-0.260432,-1.73465
1,2024-08-01,Monufia Governorate,74694.9,8,2024,81918.7,-0.0881823,-0.657852
1,2024-09-01,Monufia Governorate,73610.9,9,2024,84548.5,-0.129365,-0.915303
1,2024-10-01,Monufia Governorate,75676.9,10,2024,85040.7,-0.11011,-0.794933
1,2024-11-01,Monufia Governorate,71104.8,11,2024,81339.9,-0.125831,-0.893208
1,2024-12-01,Monufia Governorate,79665.6,12,2024,82711.9,-0.0368298,-0.336827
1,2021-01-01,New Valley Governorate,495880,1,2021,615613,-0.194494,-1.37402
1,2021-02-01,New Valley Governorate,573606,2,2021,695932,-0.175773,-1.24887
1,2021-03-01,New Valley Governorate,654908,3,2021,786463,-0.167274,-1.19205
1,2021-04-01,New Valley Governorate,783667,4,2021,939621,-0.165976,-1.18337
1,2021-05-01,New Valley Governorate,729549,5,2021,821231,-0.11164,-0.820111
1,2021-06-01,New Valley Governorate,690552,6,2021,745887,-0.0741871,-0.569728
1,2021-07-01,New Valley Governorate,683635,7,2021,588478,0.1617,1.00726
1,2021-08-01,New Valley Governorate,801384,8,2021,716346,0.11871,0.719857
1,2021-09-01,New Valley Governorate,741972,9,2021,860320,-0.137562,-0.99341
1,2021-10-01,New Valley Governorate,815870,10,2021,899575,-0.0930501,-0.695834
1,2021-11-01,New Valley Governorate,723823,11,2021,890356,-0.18704,-1.32419
1,2021-12-01,New Valley Governorate,657054,12,2021,732259,-0.102703,-0.760365
1,2022-01-01,New Valley Governorate,578311,1,2022,588136,-0.0167053,-0.185443
1,2022-02-01,New Valley Governorate,668424,2,2022,664326,0.00616814,-0.032526
1,2022-03-01,New Valley Governorate,768510,3,2022,748595,0.0266033,0.10409
1,2022-04-01,New Valley Governorate,904631,4,2022,899300,0.00592766,-0.0341336
1,2022-05-01,New Valley Governorate,850650,5,2022,780864,0.0893705,0.52371
1,2022-06-01,New Valley Governorate,731157,6,2022,732352,-0.00163205,-0.0846729
1,2022-07-01,New Valley Governorate,354965,7,2022,698035,-0.491479,-3.35947
1,2022-08-01,New Valley Governorate,528767,8,2022,807219,-0.344952,-2.37988
1,2022-09-01,New Valley Governorate,843115,9,2022,826605,0.0199725,0.0597611
1,2022-10-01,New Valley Governorate,746257,10,2022,922780,-0.191295,-1.35263
1,2022-11-01,New Valley Governorate,634051,11,2022,920280,-0.311024,-2.15306
1,2022-12-01,New Valley Governorate,672675,12,2022,727053,-0.0747926,-0.573776
1,2023-01-01,New Valley Governorate,592636,1,2023,583361,0.0158987,0.032526
1,2023-02-01,New Valley Governorate,701199,2,2023,653401,0.0731533,0.415292
1,2023-03-01,New Valley Governorate,787044,3,2023,742417,0.0601107,0.328098
1,2023-04-01,New Valley Governorate,985202,4,2023,872443,0.129246,0.79029
1,2023-05-01,New Valley Governorate,836476,5,2023,785588,0.0647766,0.359292
1,2023-06-01,New Valley Governorate,817071,6,2023,703714,0.161084,1.00314
1,2023-07-01,New Valley Governorate,685327,7,2023,587914,0.165692,1.03395
1,2023-08-01,New Valley Governorate,707935,8,2023,747496,-0.0529243,-0.427579
1,2023-09-01,New Valley Governorate,875745,9,2023,815729,0.0735735,0.418102
1,2023-10-01,New Valley Governorate,1.01418e+06,10,2023,833470,0.216821,1.37576
1,2023-11-01,New Valley Governorate,1.19797e+06,11,2023,732306,0.635888,4.17736
1,2023-12-01,New Valley Governorate,703494,12,2023,716779,-0.0185342,-0.19767
1,2024-01-01,New Valley Governorate,675893,1,2024,555609,0.21649,1.37354
1,2024-02-01,New Valley Governorate,718173,2,2024,647743,0.108732,0.653148
1,2024-03-01,New Valley Governorate,803833,3,2024,736821,0.0909484,0.534259
1,2024-04-01,New Valley Governorate,929031,4,2024,891167,0.042488,0.210284
1,2024-05-01,New Valley Governorate,776566,5,2024,805558,-0.0359899,-0.314367
1,2024-06-04,New Valley Governorate,689434,6,2024,746260,-0.0761481,-0.582838
1,2024-07-01,New Valley Governorate,725143,7,2024,574642,0.261903,1.67715
1,2024-08-01,New Valley Governorate,912336,8,2024,679362,0.342931,2.21885
1,2024-09-01,New Valley Governorate,862099,9,2024,820277,0.0509849,0.267089
1,2024-10-01,New Valley Governorate,938285,10,2024,858770,0.0925912,0.545241
1,2024-11-01,New Valley Governorate,839045,11,2024,851948,-0.0151454,-0.175014
1,2024-12-01,New Valley Governorate,820609,12,2024,677741,0.210801,1.33551
1,2021-01-01,North Sinai Governorate,61467.1,1,2021,71286,-0.137739,-1.32658
1,2021-02-01,North Sinai Governorate,61730.9,2,2021,74632.6,-0.17287,-1.64236
1,2021-03-01,North Sinai Governorate,72963.4,3,2021,76979.1,-0.052166,-0.557384
1,2021-04-01,North Sinai Governorate,72479.7,4,2021,86250.1,-0.159657,-1.52359
1,2021-05-01,North Sinai Governorate,76324,5,2021,80029.2,-0.0462981,-0.50464
1,2021-06-01,North Sinai Governorate,80394.6,6,2021,80690.6,-0.00366835,-0.121452
1,2021-07-01,North Sinai Governorate,74522.8,7,2021,65750.6,0.133416,1.11076
1,2021-08-01,North Sinai Governorate,82577.8,8,2021,71018.4,0.162768,1.3746
1,2021-09-01,North Sinai Governorate,70427.6,9,2021,80232.6,-0.122207,-1.18697
1,2021-10-01,North Sinai Governorate,87265.7,10,2021,87271.4,-6.59962e-05,-0.0890718
1,2021-11-01,North Sinai Governorate,72863.6,11,2021,84279.9,-0.135457,-1.30606
0.99995,2021-12-01,North Sinai Governorate,76634.9,12,2021,77467.3,-0.0107441,-0.185054
1,2022-01-01,North Sinai Governorate,64140.2,1,2022,70395,-0.0888527,-0.887152
1,2022-02-01,North Sinai Governorate,76812.8,2,2022,69605.4,0.103547,0.842275
1,2022-03-01,North Sinai Governorate,77571.1,3,2022,75443.2,0.0282053,0.165051
1,2022-04-01,North Sinai Governorate,88128.5,4,2022,81033.8,0.0875532,0.698513
1,2022-05-01,North Sinai Governorate,82214.5,5,2022,78065.7,0.0531439,0.389218
1,2022-06-01,North Sinai Governorate,81266.2,6,2022,80400.1,0.0107719,0.00834705
1,2022-07-01,North Sinai Governorate,53300.4,7,2022,72824.8,-0.268101,-2.49836
1,2022-08-01,North Sinai Governorate,56913.8,8,2022,79573,-0.28476,-2.64811
1,2022-09-01,North Sinai Governorate,82565.1,9,2022,76186.8,0.0837191,0.664049
1,2022-10-01,North Sinai Governorate,78024.5,10,2022,90351.8,-0.136437,-1.31488
0.999996,2022-11-01,North Sinai Governorate,69815.7,11,2022,85295.9,-0.181488,-1.71982
1,2022-12-01,North Sinai Governorate,74110.8,12,2022,78308.6,-0.0536066,-0.570334
1,2023-01-01,North Sinai Governorate,68181.4,1,2023,69047.9,-0.0125496,-0.201284
0.999999,2023-02-01,North Sinai Governorate,72703.3,2,2023,70975.2,0.0243482,0.13038
1,2023-03-01,North Sinai Governorate,75949,3,2023,75984,-0.000460653,-0.0926193
1,2023-04-01,North Sinai Governorate,87141.9,4,2023,81362.7,0.0710305,0.549996
1,2023-05-01,North Sinai Governorate,85363.7,5,2023,77016,0.108389,0.885799
1,2023-06-01,North Sinai Governorate,85022.7,6,2023,79147.9,0.0742253,0.578712
1,2023-07-01,North Sinai Governorate,72235.9,7,2023,66512.9,0.0860423,0.684932
1,2023-08-01,North Sinai Governorate,70494.4,8,2023,75046.2,-0.060653,-0.633672
1,2023-09-01,North Sinai Governorate,78300.3,9,2023,77608.4,0.00891467,-0.00834705
1,2023-10-01,North Sinai Governorate,93301.9,10,2023,85259.3,0.0943302,0.75943
1,2023-11-01,North Sinai Governorate,102058,11,2023,74548.4,0.369017,3.22852
1,2023-12-01,North Sinai Governorate,71566,12,2023,79156.9,-0.0958966,-0.950468
1,2024-01-01,North Sinai Governorate,81536.4,1,2024,64596.2,0.262247,2.26879
1,2024-02-01,North Sinai Governorate,74381.9,2,2024,70415.7,0.0563259,0.41782
1,2024-03-01,North Sinai Governorate,77417.3,3,2024,75494.5,0.0254693,0.140458
1,2024-04-01,North Sinai Governorate,83479.8,4,2024,82583.4,0.0108543,0.00908797
1,2024-05-01,North Sinai Governorate,72509.5,5,2024,81300.7,-0.108132,-1.06045
1,2024-06-04,North Sinai Governorate,75783,6,2024,82227.8,-0.0783778,-0.792995
1,2024-07-01,North Sinai Governorate,71715.6,7,2024,66686.4,0.0754168,0.589422
1,2024-08-01,North Sinai Governorate,85646.9,8,2024,69995.3,0.223608,1.92148
1,2024-09-01,North Sinai Governorate,79832.6,9,2024,77097.7,0.0354729,0.230378
1,2024-10-01,North Sinai Governorate,90487.9,10,2024,86197.3,0.0497764,0.358948
1,2024-11-01,North Sinai Governorate,80965.9,11,2024,81579.1,-0.00751687,-0.156046
1,2024-12-01,North Sinai Governorate,86725,12,2024,74103.9,0.170316,1.44244
0.998171,2021-01-01,Port Said Governorate,26487.7,1,2021,26829.9,-0.0127509,-0.263918
1,2021-02-01,Port Said Governorate,25100.7,2,2021,27862.1,-0.0991104,-1.48938
1,2021-03-01,Port Said Governorate,28506.2,3,2021,29513.1,-0.0341174,-0.567113
1,2021-04-01,Port Said Governorate,29635.8,4,2021,31945.2,-0.0722908,-1.1088
1,2021-05-01,Port Said Governorate,29082.1,5,2021,29218.5,-0.00466791,-0.149218
1,2021-06-01,Port Said Governorate,30465.4,6,2021,29790.3,0.0226622,0.238602
1,2021-07-01,Port Said Governorate,29247.8,7,2021,28614.3,0.0221419,0.23122
1,2021-08-01,Port Said Governorate,29361,8,2021,25571,0.148213,2.02019
1,2021-09-01,Port Said Governorate,29160.5,9,2021,26814.8,0.0874787,1.15836
1,2021-10-01,Port Said Governorate,29196.9,10,2021,27029.2,0.0801988,1.05506
0.999695,2021-11-01,Port Said Governorate,28870.3,11,2021,26363.1,0.0950997,1.26651
0.9968,2021-12-01,Port Said Governorate,29495.3,12,2021,28087.2,0.0501344,0.628439
0.99939,2022-01-01,Port Said Governorate,24358.3,1,2022,27539.7,-0.115521,-1.72225
1,2022-02-01,Port Said Governorate,28947.9,2,2022,26579.7,0.0890971,1.18133
1,2022-03-01,Port Said Governorate,28586.5,3,2022,29486.3,-0.0305166,-0.516017
1,2022-04-01,Port Said Governorate,32019,4,2022,31150.8,0.0278728,0.312542
1,2022-05-01,Port Said Governorate,30093,5,2022,28881.5,0.0419474,0.512264
1,2022-06-01,Port Said Governorate,30782.9,6,2022,29684.4,0.0370063,0.442149
0.998324,2022-07-01,Port Said Governorate,31823.4,7,2022,27755.8,0.146552,1.99662
1,2022-08-01,Port Said Governorate,24288.9,8,2022,27261.7,-0.109045,-1.63036
1,2022-09-01,Port Said Governorate,27868.7,9,2022,27245.4,0.022876,0.241637
1,2022-10-01,Port Said Governorate,26692.7,10,2022,27864,-0.0420338,-0.679449
0.999848,2022-11-01,Port Said Governorate,27345.8,11,2022,26871.3,0.0176598,0.167617
0.999848,2022-12-01,Port Said Governorate,26741.6,12,2022,29005.1,-0.0780364,-1.19033
0.998933,2023-01-01,Port Said Governorate,27850.3,1,2023,26375.7,0.055907,0.710355
1,2023-02-01,Port Said Governorate,27354.6,2,2023,27110.8,0.00898999,0.0445908
1,2023-03-01,Port Said Governorate,30449.9,3,2023,28865.2,0.0549006,0.696074
1,2023-04-01,Port Said Governorate,33706.1,4,2023,30588.4,0.101923,1.36334
1,2023-05-01,Port Said Governorate,28270.2,5,2023,29489.1,-0.041335,-0.669532
1,2023-06-01,Port Said Governorate,29376.7,6,2023,30153.2,-0.0257512,-0.448394
1,2023-07-01,Port Said Governorate,28905.9,7,2023,28728.2,0.00618478,0.00478419
1,2023-08-01,Port Said Governorate,24388.7,8,2023,27228.4,-0.104294,-1.56293
1,2023-09-01,Port Said Governorate,24901.9,9,2023,28234.3,-0.118027,-1.75782
1,2023-10-01,Port Said Governorate,26845,10,2023,27813.2,-0.0348111,-0.576957
1,2023-11-01,Port Said Governorate,26258.7,11,2023,27233.7,-0.0358003,-0.590993
1,2023-12-01,Port Said Governorate,25350.3,12,2023,29468.9,-0.13976,-2.0662
1,2024-01-01,Port Said Governorate,28281,1,2024,26232.1,0.0781079,1.02539
1,2024-02-01,Port Said Governorate,27283.9,2,2024,27134.4,0.00551049,-0.00478419
1,2024-03-01,Port Said Governorate,29502.9,3,2024,29180.9,0.0110351,0.0736121
1,2024-04-01,Port Said Governorate,30110.4,4,2024,31787,-0.0527446,-0.831438
1,2024-05-01,Port Said Governorate,29292.2,5,2024,29148.4,0.00493394,-0.0129655
1,2024-06-04,Port Said Governorate,29211.2,6,2024,30208.3,-0.0330089,-0.551383
1,2024-07-01,Port Said Governorate,25113.5,7,2024,29992.4,-0.162671,-2.39132
1,2024-08-01,Port Said Governorate,28035.4,8,2024,26012.9,0.0777523,1.02034
1,2024-09-01,Port Said Governorate,27673.8,9,2024,27310.4,0.0133076,0.105859
1,2024-10-01,Port Said Governorate,27549.9,10,2024,27578.2,-0.00102517,-0.0975267
1,2024-11-01,Port Said Governorate,25484.9,11,2024,27491.6,-0.0729931,-1.11877
1,2024-12-01,Port Said Governorate,32169.6,12,2024,27195.8,0.182892,2.5123
1,2021-01-01,Qalyubia Governorate,112054,1,2021,119228,-0.0601736,-0.357406
1,2021-02-01,Qalyubia Governorate,119288,2,2021,121901,-0.0214368,-0.101115
1,2021-03-01,Qalyubia Governorate,132383,3,2021,133006,-0.00468325,0.00972911
1,2021-04-01,Qalyubia Governorate,166934,4,2021,147713,0.130124,0.901639
1,2021-05-01,Qalyubia Governorate,160337,5,2021,132226,0.212594,1.44728
1,2021-06-01,Qalyubia Governorate,143739,6,2021,129802,0.10737,0.751095
1,2021-07-01,Qalyubia Governorate,138079,7,2021,124196,0.111783,0.78029
1,2021-08-01,Qalyubia Governorate,126605,8,2021,111614,0.134312,0.929345
1,2021-09-01,Qalyubia Governorate,135475,9,2021,114652,0.181617,1.24233
1,2021-10-01,Qalyubia Governorate,136598,10,2021,114211,0.196022,1.33763
1,2021-11-01,Qalyubia Governorate,128709,11,2021,118689,0.0844218,0.599265
1,2021-12-01,Qalyubia Governorate,133464,12,2021,115842,0.152122,1.04718
1,2022-01-01,Qalyubia Governorate,117791,1,2022,117316,0.00405189,0.0675224
1,2022-02-01,Qalyubia Governorate,133017,2,2022,117324,0.133759,0.925688
1,2022-03-01,Qalyubia Governorate,129550,3,2022,133951,-0.0328529,-0.176647
1,2022-04-01,Qalyubia Governorate,166516,4,2022,147852,0.126229,0.87587
1,2022-05-01,Qalyubia Governorate,154102,5,2022,134304,0.14741,1.01601
1,2022-06-01,Qalyubia Governorate,141650,6,2022,130498,0.0854519,0.60608
1,2022-07-01,Qalyubia Governorate,149775,7,2022,120298,0.245033,1.6619
1,2022-08-01,Qalyubia Governorate,116697,8,2022,114916,0.0154967,0.143244
1,2022-09-01,Qalyubia Governorate,132205,9,2022,115742,0.142236,0.981772
1,2022-10-01,Qalyubia Governorate,121598,10,2022,119211,0.0200209,0.173176
1,2022-11-01,Qalyubia Governorate,123621,11,2022,120384,0.0268882,0.218612
1,2022-12-01,Qalyubia Governorate,119043,12,2022,120649,-0.0133046,-0.0473111
1,2023-01-01,Qalyubia Governorate,123132,1,2023,115536,0.0657469,0.475708
1,2023-02-01,Qalyubia Governorate,127437,2,2023,119184,0.0692448,0.498851
1,2023-03-01,Qalyubia Governorate,139099,3,2023,130768,0.0637103,0.462234
1,2023-04-01,Qalyubia Governorate,150416,4,2023,153219,-0.0182931,-0.0803165
1,2023-05-01,Qalyubia Governorate,119950,5,2023,145688,-0.176664,-1.12813
1,2023-06-01,Qalyubia Governorate,126183,6,2023,135654,-0.0698126,-0.421179
1,2023-07-01,Qalyubia Governorate,112430,7,2023,132746,-0.153047,-0.971872
1,2023-08-01,Qalyubia Governorate,108856,8,2023,117530,-0.0738,-0.44756
1,2023-09-01,Qalyubia Governorate,103109,9,2023,125441,-0.178029,-1.13716
1,2023-10-01,Qalyubia Governorate,106798,10,2023,124144,-0.139726,-0.883736
1,2023-11-01,Qalyubia Governorate,111559,11,2023,124405,-0.103257,-0.642451
1,2023-12-01,Qalyubia Governorate,109766,12,2023,123741,-0.112942,-0.70653
1,2024-01-01,Qalyubia Governorate,116762,1,2024,117659,-0.00762425,-0.00972911
1,2024-02-01,Qalyubia Governorate,105248,2,2024,126581,-0.168532,-1.07432
1,2024-03-01,Qalyubia Governorate,130370,3,2024,133678,-0.0247437,-0.122995
1,2024-04-01,Qalyubia Governorate,126207,4,2024,161289,-0.217507,-1.39835
1,2024-05-01,Qalyubia Governorate,122626,5,2024,144796,-0.153114,-0.972318
1,2024-06-04,Qalyubia Governorate,121573,6,2024,137191,-0.11384,-0.712474
1,2024-07-01,Qalyubia Governorate,110384,7,2024,133428,-0.172704,-1.10193
1,2024-08-01,Qalyubia Governorate,109288,8,2024,117386,-0.0689873,-0.415718
1,2024-09-01,Qalyubia Governorate,108643,9,2024,123596,-0.120985,-0.759743
1,2024-10-01,Qalyubia Governorate,114236,10,2024,121665,-0.0610564,-0.363246
1,2024-11-01,Qalyubia Governorate,120885,11,2024,121296,-0.00338981,0.0182868
1,2024-12-01,Qalyubia Governorate,118716,12,2024,120758,-0.0169048,-0.0711308
1,2021-01-01,Qena Governorate,85701.5,1,2021,78368.1,0.0935766,0.91701
1,2021-02-01,Qena Governorate,82862.4,2,2021,82766.3,0.00116133,0.0493038
1,2021-03-01,Qena Governorate,86763.9,3,2021,85699,0.0124254,0.155064
1,2021-04-01,Qena Governorate,93841.3,4,2021,90044.1,0.0421711,0.434353
1,2021-05-01,Qena Governorate,93071.6,5,2021,82358.2,0.130083,1.25977
1,2021-06-01,Qena Governorate,90166.9,6,2021,77291.2,0.166586,1.60251
1,2021-07-01,Qena Governorate,85463.7,7,2021,74025.2,0.154522,1.48924
1,2021-08-01,Qena Governorate,92977.5,8,2021,72992.3,0.273798,2.60915
1,2021-09-01,Qena Governorate,86782.9,9,2021,77463.7,0.120303,1.16795
1,2021-10-01,Qena Governorate,94787.2,10,2021,83556,0.134416,1.30046
1,2021-11-01,Qena Governorate,90928.1,11,2021,83627.6,0.0872968,0.858048
1,2021-12-01,Qena Governorate,84450.6,12,2021,80393.8,0.0504622,0.5122
1,2022-01-01,Qena Governorate,81286.9,1,2022,79839.6,0.0181273,0.208601
1,2022-02-01,Qena Governorate,90231.1,2,2022,80310.1,0.123534,1.19828
1,2022-03-01,Qena Governorate,86240.3,3,2022,85873.5,0.00427133,0.0785043
1,2022-04-01,Qena Governorate,94300.8,4,2022,89890.9,0.0490586,0.499021
1,2022-05-01,Qena Governorate,91127,5,2022,83006.4,0.0978312,0.956957
1,2022-06-01,Qena Governorate,86493.4,6,2022,78515.7,0.101606,0.992399
1,2022-07-01,Qena Governorate,84227.5,7,2022,74437.3,0.131524,1.2733
1,2022-08-01,Qena Governorate,73584.8,8,2022,79456.5,-0.0738992,-0.655455
1,2022-09-01,Qena Governorate,82370.2,9,2022,78934.6,0.0435252,0.447067
1,2022-10-01,Qena Governorate,81478.2,10,2022,87992.3,-0.0740298,-0.656682
1,2022-11-01,Qena Governorate,79784,11,2022,87342.3,-0.0865367,-0.774111
1,2022-12-01,Qena Governorate,81213.4,12,2022,81472.8,-0.00318414,0.00850327
1,2023-01-01,Qena Governorate,76799.9,1,2023,81335.2,-0.0557613,-0.485155
1,2023-02-01,Qena Governorate,82479.8,2,2023,82893.9,-0.00499543,-0.00850327
1,2023-03-01,Qena Governorate,85028.8,3,2023,86277.4,-0.0144723,-0.0974835
1,2023-04-01,Qena Governorate,89784.5,4,2023,91396.3,-0.0176348,-0.127177
1,2023-05-01,Qena Governorate,79202.9,5,2023,86981.1,-0.0894248,-0.801228
1,2023-06-01,Qena Governorate,74899.5,6,2023,82380.4,-0.0908093,-0.814228
1,2023-07-01,Qena Governorate,66170.5,7,2023,80456.3,-0.17756,-1.62875
1,2023-08-01,Qena Governorate,70550.3,8,2023,80468,-0.123251,-1.11883
1,2023-09-01,Qena Governorate,75258.1,9,2023,81305.3,-0.0743761,-0.659933
1,2023-10-01,Qena Governorate,84438.5,10,2023,87005.5,-0.0295035,-0.238615
1,2023-11-01,Qena Governorate,90295.1,11,2023,83838.6,0.0770106,0.761469
1,2023-12-01,Qena Governorate,76584.1,12,2023,83015.9,-0.077477,-0.689048
1,2024-01-01,Qena Governorate,77017.4,1,2024,81262.7,-0.0522421,-0.452112
1,2024-02-01,Qena Governorate,75588.1,2,2024,85191.1,-0.112723,-1.01998
1,2024-03-01,Qena Governorate,85828,3,2024,86011,-0.00212769,0.0184225
1,2024-04-01,Qena Governorate,86046.8,4,2024,92642.2,-0.0711923,-0.63004
1,2024-05-01,Qena Governorate,76744.8,5,2024,87800.5,-0.125919,-1.14388
1,2024-06-04,Qena Governorate,70480.9,6,2024,83853.3,-0.159474,-1.45893
1,2024-07-01,Qena Governorate,71677.6,7,2024,78620.6,-0.0883103,-0.790764
1,2024-08-01,Qena Governorate,74841.9,8,2024,79037.5,-0.0530835,-0.460013
1,2024-09-01,Qena Governorate,74762.8,9,2024,81470.4,-0.0823318,-0.734631
1,2024-10-01,Qena Governorate,84751.1,10,2024,86901.3,-0.0247431,-0.193918
1,2024-11-01,Qena Governorate,80803.8,11,2024,87002.4,-0.071246,-0.630544
1,2024-12-01,Qena Governorate,83383.8,12,2024,80749.4,0.0326245,0.344718
0.999993,2021-01-01,Red Sea Governorate,149469,1,2021,198711,-0.247806,-1.84426
0.999994,2021-02-01,Red Sea Governorate,160646,2,2021,212704,-0.244743,-1.82455
1,2021-03-01,Red Sea Governorate,190134,3,2021,240064,-0.207987,-1.58796
1,2021-04-01,Red Sea Governorate,229847,4,2021,277076,-0.170455,-1.34638
1,2021-05-01,Red Sea Governorate,215548,5,2021,240728,-0.104598,-0.922487
1,2021-06-01,Red Sea Governorate,203337,6,2021,230662,-0.118464,-1.01174
1,2021-07-01,Red Sea Governorate,203642,7,2021,183096,0.112213,0.473047
1,2021-08-01,Red Sea Governorate,246587,8,2021,217636,0.133025,0.607002
1,2021-09-01,Red Sea Governorate,207439,9,2021,253670,-0.182247,-1.42229
1,2021-10-01,Red Sea Governorate,254005,10,2021,272764,-0.0687739,-0.6919
1,2021-11-01,Red Sea Governorate,210245,11,2021,267358,-0.213621,-1.62422
0.999993,2021-12-01,Red Sea Governorate,199161,12,2021,226846,-0.122041,-1.03476
0.999996,2022-01-01,Red Sea Governorate,175480,1,2022,190041,-0.0766236,-0.742426
1,2022-02-01,Red Sea Governorate,208258,2,2022,196833,0.0580429,0.124373
1,2022-03-01,Red Sea Governorate,233809,3,2022,225505,0.0368233,-0.0122099
1,2022-04-01,Red Sea Governorate,266182,4,2022,264965,0.00459491,-0.219652
1,2022-05-01,Red Sea Governorate,247277,5,2022,230152,0.0744078,0.229708
1,2022-06-01,Red Sea Governorate,229014,6,2022,222103,0.0311165,-0.0489425
0.999992,2022-07-01,Red Sea Governorate,113147,7,2022,213260,-0.469441,-3.27085
1,2022-08-01,Red Sea Governorate,170830,8,2022,242889,-0.296674,-2.15881
1,2022-09-01,Red Sea Governorate,251237,9,2022,239071,0.0508912,0.0783403
1,2022-10-01,Red Sea Governorate,226829,10,2022,281823,-0.195136,-1.50525
0.999996,2022-11-01,Red Sea Governorate,206957,11,2022,268454,-0.229081,-1.72374
0.999994,2022-12-01,Red Sea Governorate,215024,12,2022,221558,-0.0294893,-0.43904
0.999998,2023-01-01,Red Sea Governorate,212822,1,2023,177594,0.198368,1.02759
0.999994,2023-02-01,Red Sea Governorate,210277,2,2023,196160,0.0719671,0.213998
1,2023-03-01,Red Sea Governorate,245762,3,2023,221521,0.109432,0.455146
1,2023-04-01,Red Sea Governorate,291778,4,2023,256433,0.137835,0.637964
1,2023-05-01,Red Sea Governorate,254754,5,2023,227660,0.119013,0.516818
1,2023-06-01,Red Sea Governorate,246665,6,2023,216220,0.140805,0.657081
1,2023-07-01,Red Sea Governorate,216941,7,2023,178663,0.214248,1.12981
1,2023-08-01,Red Sea Governorate,222737,8,2023,225587,-0.0126327,-0.33054
1,2023-09-01,Red Sea Governorate,256891,9,2023,237186,0.0830811,0.285535
1,2023-10-01,Red Sea Governorate,313081,10,2023,253072,0.237123,1.27705
1,2023-11-01,Red Sea Governorate,350184,11,2023,220712,0.586613,3.52659
1,2023-12-01,Red Sea Governorate,219238,12,2023,220154,-0.00415972,-0.276003
1,2024-01-01,Red Sea Governorate,207832,1,2024,179257,0.159405,0.776806
1,2024-02-01,Red Sea Governorate,219577,2,2024,193061,0.137346,0.634815
0.999998,2024-03-01,Red Sea Governorate,240620,3,2024,223235,0.0778768,0.252037
1,2024-04-01,Red Sea Governorate,273269,4,2024,262602,0.0406172,0.0122099
1,2024-05-01,Red Sea Governorate,220153,5,2024,239193,-0.0796008,-0.761589
1,2024-06-04,Red Sea Governorate,216308,6,2024,226339,-0.0443168,-0.534479
1,2024-07-01,Red Sea Governorate,219199,7,2024,177910,0.232079,1.24458
1,2024-08-01,Red Sea Governorate,259342,8,2024,213385,0.215374,1.13706
1,2024-09-01,Red Sea Governorate,252881,9,2024,238523,0.0601972,0.138239
1,2024-10-01,Red Sea Governorate,278382,10,2024,264639,0.0519334,0.0850486
1,2024-11-01,Red Sea Governorate,244934,11,2024,255795,-0.0424613,-0.522536
1,2024-12-01,Red Sea Governorate,246275,12,2024,211141,0.1664,0.821826
1,2021-01-01,Sohag Governorate,105558,1,2021,100226,0.0531942,0.666926
1,2021-02-01,Sohag Governorate,106850,2,2021,107130,-0.00261311,0.0712448
1,2021-03-01,Sohag Governorate,108083,3,2021,109836,-0.0159625,-0.0712448
1,2021-04-01,Sohag Governorate,119045,4,2021,116671,0.0203494,0.316344
1,2021-05-01,Sohag Governorate,117026,5,2021,108547,0.078116,0.932939
1,2021-06-01,Sohag Governorate,115389,6,2021,101789,0.133601,1.52518
1,2021-07-01,Sohag Governorate,110917,7,2021,100915,0.0991133,1.15706
1,2021-08-01,Sohag Governorate,116651,8,2021,94796.9,0.230541,2.5599
1,2021-09-01,Sohag Governorate,115856,9,2021,99641.6,0.162729,1.83609
1,2021-10-01,Sohag Governorate,123318,10,2021,107026,0.152221,1.72393
1,2021-11-01,Sohag Governorate,120089,11,2021,105398,0.139383,1.5869
1,2021-12-01,Sohag Governorate,105059,12,2021,102967,0.0203227,0.31606
1,2022-01-01,Sohag Governorate,99399.8,1,2022,102279,-0.0281479,-0.201311
1,2022-02-01,Sohag Governorate,117922,2,2022,103440,0.140001,1.59349
1,2022-03-01,Sohag Governorate,112748,3,2022,108281,0.041246,0.539393
1,2022-04-01,Sohag Governorate,122342,4,2022,115572,0.0585834,0.72445
1,2022-05-01,Sohag Governorate,120884,5,2022,107261,0.127013,1.45486
1,2022-06-01,Sohag Governorate,112983,6,2022,102591,0.101294,1.18034
1,2022-07-01,Sohag Governorate,119273,7,2022,98129.9,0.215462,2.39896
1,2022-08-01,Sohag Governorate,94349.8,8,2022,102231,-0.0770903,-0.723717
1,2022-09-01,Sohag Governorate,105572,9,2022,103070,0.0242782,0.35828
1,2022-10-01,Sohag Governorate,106713,10,2022,112561,-0.051951,-0.455383
1,2022-11-01,Sohag Governorate,104361,11,2022,110641,-0.0567635,-0.506751
1,2022-12-01,Sohag Governorate,104395,12,2022,103188,0.0116957,0.223976
1,2023-01-01,Sohag Governorate,97933.9,1,2023,102767,-0.0470319,-0.402877
1,2023-02-01,Sohag Governorate,107649,2,2023,106864,0.00733972,0.17748
1,2023-03-01,Sohag Governorate,109839,3,2023,109251,0.00538769,0.156645
1,2023-04-01,Sohag Governorate,117055,4,2023,117334,-0.0023784,0.0737501
1,2023-05-01,Sohag Governorate,103731,5,2023,112979,-0.0818535,-0.774559
1,2023-06-01,Sohag Governorate,99307.7,6,2023,107150,-0.0731872,-0.682056
1,2023-07-01,Sohag Governorate,90147,7,2023,107839,-0.164057,-1.65199
1,2023-08-01,Sohag Governorate,93373.5,8,2023,102556,-0.0895384,-0.856586
1,2023-09-01,Sohag Governorate,97166.5,9,2023,105872,-0.0822222,-0.778494
1,2023-10-01,Sohag Governorate,106935,10,2023,112487,-0.049361,-0.427737
1,2023-11-01,Sohag Governorate,106422,11,2023,109954,-0.0321275,-0.243789
1,2023-12-01,Sohag Governorate,97843.6,12,2023,105372,-0.0714459,-0.663469
1,2024-01-01,Sohag Governorate,103345,1,2024,100964,0.023581,0.350838
1,2024-02-01,Sohag Governorate,95820.8,2,2024,110807,-0.135245,-1.34446
1,2024-03-01,Sohag Governorate,106922,3,2024,110223,-0.0299531,-0.220579
1,2024-04-01,Sohag Governorate,110615,4,2024,119481,-0.0742019,-0.692886
1,2024-05-01,Sohag Governorate,101025,5,2024,113881,-0.112882,-1.10575
1,2024-06-04,Sohag Governorate,93077.4,6,2024,109226,-0.14785,-1.47899
1,2024-07-01,Sohag Governorate,93325.5,7,2024,106779,-0.125995,-1.24572
1,2024-08-01,Sohag Governorate,96667.4,8,2024,101458,-0.0472197,-0.404881
1,2024-09-01,Sohag Governorate,96186.3,9,2024,106198,-0.0942759,-0.907154
1,2024-10-01,Sohag Governorate,107430,10,2024,112322,-0.0435492,-0.365703
1,2024-11-01,Sohag Governorate,105413,11,2024,110291,-0.0442271,-0.372938
1,2024-12-01,Sohag Governorate,106662,12,2024,102433,0.0412854,0.539813
1,2021-01-01,South Sinai Governorate,71640.6,1,2021,93137,-0.230804,-1.47511
1,2021-02-01,South Sinai Governorate,73110.9,2,2021,97447.4,-0.24974,-1.58623
1,2021-03-01,South Sinai Governorate,82695.7,3,2021,101139,-0.182357,-1.19079
1,2021-04-01,South Sinai Governorate,87928.6,4,2021,107735,-0.183847,-1.19953
1,2021-05-01,South Sinai Governorate,86235,5,2021,99372.3,-0.132203,-0.896447
1,2021-06-01,South Sinai Governorate,90475.2,6,2021,99710,-0.0926166,-0.664128
1,2021-07-01,South Sinai Governorate,86406.6,7,2021,84617.8,0.02114,0.0034739
1,2021-08-01,South Sinai Governorate,96296.5,8,2021,88637.7,0.0864058,0.386498
1,2021-09-01,South Sinai Governorate,85923.3,9,2021,99612.8,-0.137427,-0.927106
1,2021-10-01,South Sinai Governorate,99594.3,10,2021,110189,-0.0961483,-0.684854
1,2021-11-01,South Sinai Governorate,87595.9,11,2021,111688,-0.215712,-1.38653
0.999977,2021-12-01,South Sinai Governorate,88766.6,12,2021,104485,-0.150435,-1.00345
1,2022-01-01,South Sinai Governorate,78751.9,1,2022,90766.6,-0.13237,-0.897425
1,2022-02-01,South Sinai Governorate,91061.5,2,2022,91463.8,-0.00439848,-0.146403
1,2022-03-01,South Sinai Governorate,96800.2,3,2022,96437.7,0.00375968,-0.0985258
1,2022-04-01,South Sinai Governorate,98239.1,4,2022,104299,-0.0580969,-0.461542
1,2022-05-01,South Sinai Governorate,95571.4,5,2022,96260.2,-0.00715588,-0.162586
1,2022-06-01,South Sinai Governorate,94338.1,6,2022,98422.3,-0.0414963,-0.364119
1,2022-07-01,South Sinai Governorate,63769.8,7,2022,92163.4,-0.308078,-1.9286
1,2022-08-01,South Sinai Governorate,70155.1,8,2022,97351.4,-0.279362,-1.76008
1,2022-09-01,South Sinai Governorate,94633.5,9,2022,96709.3,-0.0214644,-0.246558
1,2022-10-01,South Sinai Governorate,99295,10,2022,110289,-0.0996803,-0.705582
1,2022-11-01,South Sinai Governorate,95000.8,11,2022,109220,-0.13019,-0.884634
0.999993,2022-12-01,South Sinai Governorate,101879,12,2022,100114,0.0176354,-0.0170938
1,2023-01-01,South Sinai Governorate,95895,1,2023,85052.2,0.127484,0.627571
0.999993,2023-02-01,South Sinai Governorate,100798,2,2023,88218.4,0.142596,0.716259
1,2023-03-01,South Sinai Governorate,103128,3,2023,94328.5,0.0932818,0.426851
1,2023-04-01,South Sinai Governorate,113563,4,2023,99190.6,0.144897,0.729766
1,2023-05-01,South Sinai Governorate,104746,5,2023,93202.1,0.123857,0.606289
1,2023-06-01,South Sinai Governorate,105938,6,2023,94555.7,0.120375,0.585851
1,2023-07-01,South Sinai Governorate,94674.8,7,2023,81861.7,0.156521,0.797984
1,2023-08-01,South Sinai Governorate,91978.6,8,2023,90076.9,0.0211117,0.00330786
1,2023-09-01,South Sinai Governorate,104669,9,2023,93364.1,0.121088,0.590036
1,2023-10-01,South Sinai Governorate,119581,10,2023,103527,0.155073,0.789486
1,2023-11-01,South Sinai Governorate,132375,11,2023,96762.2,0.368041,2.03932
1,2023-12-01,South Sinai Governorate,99110.7,12,2023,101037,-0.0190632,-0.232466
1,2024-01-01,South Sinai Governorate,104764,1,2024,82095.8,0.276121,1.49988
1,2024-02-01,South Sinai Governorate,100483,2,2024,88323.5,0.137667,0.687334
1,2024-03-01,South Sinai Governorate,103490,3,2024,94207.9,0.0985243,0.457618
1,2024-04-01,South Sinai Governorate,111404,4,2024,99910.2,0.115042,0.554552
1,2024-05-01,South Sinai Governorate,97799.8,5,2024,95517.4,0.0238949,0.0196415
1,2024-06-04,South Sinai Governorate,98853.9,6,2024,96917.1,0.0199844,-0.00330786
1,2024-07-01,South Sinai Governorate,95408.7,7,2024,81617.1,0.168979,0.871095
1,2024-08-01,South Sinai Governorate,103779,8,2024,86143.4,0.204726,1.08088
1,2024-09-01,South Sinai Governorate,99535.4,9,2024,95075.4,0.0469105,0.154713
1,2024-10-01,South Sinai Governorate,111691,10,2024,106157,0.052129,0.185338
1,2024-11-01,South Sinai Governorate,107690,11,2024,104990,0.0257117,0.0303037
1,2024-12-01,South Sinai Governorate,112464,12,2024,96585.5,0.164401,0.844225
1,2021-01-01,Suez Governorate,79220.7,1,2021,92158.6,-0.140388,-2.09603
1,2021-02-01,Suez Governorate,79139.4,2,2021,94971.4,-0.166703,-2.48271
1,2021-03-01,Suez Governorate,87900.4,3,2021,98091.5,-0.103893,-1.55978
1,2021-04-01,Suez Governorate,91305.4,4,2021,103057,-0.11403,-1.70872
1,2021-05-01,Suez Governorate,89930.3,5,2021,97697.1,-0.0794984,-1.20132
1,2021-06-01,Suez Governorate,86892,6,2021,98138.1,-0.114595,-1.71703
1,2021-07-01,Suez Governorate,89944.1,7,2021,92158.1,-0.0240245,-0.386188
1,2021-08-01,Suez Governorate,92524.5,8,2021,87674.1,0.0553237,0.779755
1,2021-09-01,Suez Governorate,90968.6,9,2021,92768.7,-0.0194041,-0.318295
1,2021-10-01,Suez Governorate,94915.6,10,2021,92997.9,0.0206208,0.269831
1,2021-11-01,Suez Governorate,88806.3,11,2021,96102.6,-0.0759216,-1.14876
1,2021-12-01,Suez Governorate,93693.6,12,2021,95394.3,-0.0178283,-0.29514
1,2022-01-01,Suez Governorate,87088.3,1,2022,89536.1,-0.0273387,-0.434887
1,2022-02-01,Suez Governorate,94417.6,2,2022,89878.7,0.0505001,0.708877
1,2022-03-01,Suez Governorate,98515.7,3,2022,94553,0.0419088,0.582637
1,2022-04-01,Suez Governorate,106309,4,2022,98055.6,0.0841743,1.20369
1,2022-05-01,Suez Governorate,101868,5,2022,93717.8,0.0869681,1.24474
1,2022-06-01,Suez Governorate,101896,6,2022,93136.7,0.0940514,1.34882
1,2022-07-01,Suez Governorate,96110.8,7,2022,90102.6,0.0666821,0.946656
1,2022-08-01,Suez Governorate,81045.9,8,2022,91500.3,-0.114255,-1.71204
1,2022-09-01,Suez Governorate,97009.4,9,2022,90755.1,0.0689151,0.979467
1,2022-10-01,Suez Governorate,88550,10,2022,95119.8,-0.0690689,-1.04807
1,2022-11-01,Suez Governorate,91757.4,11,2022,95118.9,-0.0353402,-0.552461
1,2022-12-01,Suez Governorate,94145.9,12,2022,95243.5,-0.0115248,-0.202517
1,2023-01-01,Suez Governorate,90860.8,1,2023,88278.6,0.0292509,0.396642
1,2023-02-01,Suez Governorate,100362,2,2023,87897.3,0.141807,2.05055
1,2023-03-01,Suez Governorate,97774.9,3,2023,94800,0.0313811,0.427943
1,2023-04-01,Suez Governorate,103367,4,2023,99036.4,0.0437283,0.609372
1,2023-05-01,Suez Governorate,95373.1,5,2023,95882.8,-0.0053162,-0.111288
1,2023-06-01,Suez Governorate,96725.8,6,2023,94860.2,0.0196673,0.255819
1,2023-07-01,Suez Governorate,91863.7,7,2023,91518.3,0.00377398,0.0222833
1,2023-08-01,Suez Governorate,87559.9,8,2023,89328.9,-0.0198039,-0.32417
1,2023-09-01,Suez Governorate,88955.1,9,2023,93439.8,-0.0479953,-0.738415
1,2023-10-01,Suez Governorate,93701.4,10,2023,93402.7,0.00319827,0.0138238
1,2023-11-01,Suez Governorate,100773,11,2023,92113.6,0.0940116,1.34823
1,2023-12-01,Suez Governorate,89137.8,12,2023,96912.9,-0.0802284,-1.21205
1,2024-01-01,Suez Governorate,98526.8,1,2024,85723.2,0.149359,2.1615
1,2024-02-01,Suez Governorate,90134.9,2,2024,91306.2,-0.0128287,-0.221676
1,2024-03-01,Suez Governorate,97983.8,3,2024,94730.3,0.0343449,0.471492
1,2024-04-01,Suez Governorate,99494.4,4,2024,100327,-0.00830176,-0.155158
1,2024-05-01,Suez Governorate,95849.9,5,2024,95723.9,0.00131671,-0.0138238
1,2024-06-04,Suez Governorate,95792.3,6,2024,95171.4,0.00652386,0.0626901
1,2024-07-01,Suez Governorate,88499.9,7,2024,92639.5,-0.0446846,-0.689768
1,2024-08-01,Suez Governorate,94416.4,8,2024,87043.4,0.0847048,1.21148
1,2024-09-01,Suez Governorate,92341.4,9,2024,92311.1,0.00032895,-0.028338
1,2024-10-01,Suez Governorate,96742.4,10,2024,92389,0.0471203,0.659214
1,2024-11-01,Suez Governorate,95777,11,2024,93779,0.0213059,0.279897
1,2024-12-01,Suez Governorate,102899,12,2024,92325.7,0.114524,1.64965
