shapeID,name,area_km2,n_pixels,sol,rad_km2,sol_per_km2,mean_rad,median_rad,p90_rad,max_rad,lit_area_km2,lit_share,core_area_km2,core_share,pop,pop_inhabited,pop_lit,pop_dark,pop_lit_share,pop_density,sol_per_capita,gini_pixels,gini_pop_light,cv_rad,sol_share_nat,pop_share_nat,light_pop_ratio
46179711B72666466596415,North Sinai Governorate,27515.7,32124,5386.81,4589.48,0.195772,0.167688,0,0,68.865,1775.5,0.0645267,90.2816,0.00328109,403635,396279,276413,119865,0.697523,14.6693,0.0133457,0.976549,0.72807,9.74263,0.00882532,0.00468375,1.88424
46179711B69358139854301,South Sinai Governorate,29058.4,33453,8247.7,7208.08,0.283831,0.246546,0,0,109.11,1201.71,0.0413551,183.601,0.00631835,155731,146164,102447,43716.3,0.700909,5.35922,0.0529613,0.988501,0.6481,11.2761,0.0135124,0.00180709,7.47743
46179711B96058986091554,Aswan Governorate,56379.2,61841,17236.4,15593.8,0.305723,0.278721,0,0,109.11,2394.29,0.0424676,402.463,0.0071385,1.38923e+06,1.38897e+06,1.26637e+06,122595,0.911737,24.6408,0.0124072,0.986331,0.623779,10.6164,0.0282387,0.0161205,1.75173
46179711B94144647788557,Red Sea Governorate,120303,133343,10114.4,8948.75,0.0840745,0.0758528,0,0,109.11,1878.21,0.0156123,235.376,0.00195652,319983,304574,234040,70533.7,0.768419,2.6598,0.0316093,0.995399,0.563873,18.1051,0.0165707,0.00371306,4.46281
46179711B33216026370082,Matrouh Governorate,153641,178159,23453,20016.1,0.152649,0.131641,0,0,108.689,6216.45,0.040461,420.326,0.00273577,486643,486494,389000,97493.7,0.799599,3.16741,0.0481935,0.986481,0.608692,12.5356,0.0384236,0.00564698,6.80427
46179711B64218004276609,New Valley Governorate,437922,486067,19535.9,17431.4,0.0446105,0.0401919,0,0,109.11,4323.93,0.00987374,456.582,0.00104261,1.3602e+06,1.36009e+06,1.27764e+06,82443.5,0.939384,3.10602,0.0143626,0.996488,0.521564,20.8656,0.0320061,0.0157836,2.0278
46179711B99776351599397,Alexandria Governorate,2576.4,3021,31812.2,27062,12.3475,10.5303,2.5806,32.9139,109.11,1917.96,0.744433,572.47,0.222197,4.82828e+06,4.82827e+06,4.65791e+06,170362,0.964716,1874.04,0.00658871,0.761174,0.289123,1.96596,0.0521185,0.0560271,0.930238
46179711B4202910882635,Ismailia Governorate,4314.54,5042,12952.1,11079.9,3.00197,2.56885,0.278933,6.53225,109.11,2170.51,0.503069,240.42,0.0557232,1.0116e+06,1.0116e+06,984974,26625.4,0.97368,234.463,0.0128036,0.806258,0.542819,2.76402,0.0212197,0.0117385,1.8077
46179711B81451673929301,Suez Governorate,8997.77,10425,12771.7,10999.5,1.41943,1.2251,0,1.52999,109.11,1810.44,0.20121,243.777,0.027093,565900,564126,519281,44844.9,0.920505,62.8934,0.0225688,0.945008,0.400632,5.49288,0.0209241,0.00656666,3.18641
46179711B78983565091897,Gharbiyya Governorate,1828.55,2144,20631.6,17597.8,11.283,9.62293,6.10954,19.2961,109.11,1828.55,1,510.992,0.279452,4.54167e+06,4.54167e+06,4.54167e+06,0,1,2483.75,0.00454273,0.45682,0.517454,1.13817,0.0338011,0.0527012,0.641372
46179711B43356691250297,Faiyum Governorate,5674.27,6552,20485.4,17737.6,3.61022,3.12658,0,8.8093,109.11,2328.03,0.410279,475.376,0.0837776,3.07078e+06,3.07078e+06,3.06198e+06,8796.51,0.997135,541.178,0.00667105,0.807351,0.551893,2.41041,0.0335616,0.0356332,0.941863
46179711B35449682454923,Beni Suef Governorate,10971.3,12608,16915.9,14685.1,1.54184,1.34168,0,3.6476,109.11,2293.31,0.209028,387.13,0.0352857,2.79434e+06,2.79419e+06,2.78592e+06,8267.77,0.997041,254.695,0.00605365,0.910615,0.548091,3.7732,0.0277137,0.0324253,0.854694
46179711B7819508184782,Minya Governate,29016.9,33127,24979,21862.2,0.860841,0.754036,0,1.28873,107.08,3953.67,0.136254,631.031,0.021747,4.89914e+06,4.89907e+06,4.89489e+06,4184.56,0.999146,168.837,0.00509864,0.941028,0.4868,4.46983,0.0409235,0.0568493,0.71986
46179711B93993738941206,Asyut Governorate,13897.7,15764,18592.7,16415.9,1.33782,1.17944,0,2.57958,109.11,1996.85,0.143682,508.507,0.0365893,3.70946e+06,3.70944e+06,3.70785e+06,1587.97,0.999572,266.911,0.00501223,0.934288,0.517306,4.27412,0.0304607,0.0430443,0.707659
46179711B46271687964482,Sohag Governorate,10151.7,11445,15193.7,13492.5,1.49667,1.32754,0,5.25006,76.5026,1705.12,0.167964,455.576,0.0448768,3.86471e+06,3.86471e+06,3.86415e+06,558.507,0.999855,380.697,0.00393139,0.904672,0.415605,3.13031,0.0248921,0.0448458,0.55506
46179711B60822011452178,Qena Governorate,12323.9,13808,19535.2,17438.1,1.58514,1.41477,0,2.33985,109.11,1792.02,0.14541,563.195,0.0456993,1.99864e+06,1.99863e+06,1.99775e+06,877.305,0.999561,162.176,0.0097742,0.939054,0.472853,4.30643,0.0320048,0.0231921,1.37999
46179711B25362750888095,Luxor Governate,1895.43,2118,14147.4,12658,7.46396,6.6796,1.70375,19.4955,109.11,1246.41,0.657586,422.291,0.222794,2.33616e+06,2.33615e+06,2.26253e+06,73621.5,0.968486,1232.52,0.00605585,0.715317,0.46686,1.73031,0.023178,0.0271086,0.855004
46179711B67626682469511,Giza Governorate,38055.8,43759,55218.8,47547.7,1.45099,1.26188,0,0.160975,109.11,3628.24,0.09534,1169.65,0.030735,8.19808e+06,8.198e+06,8.16817e+06,29837.6,0.99636,215.423,0.00673557,0.969964,0.311778,5.97733,0.090466,0.09513,0.950972
46179711B49513585270152,Monufia Governorate,2054.38,2399,23900.8,20466.6,11.6341,9.96283,8.00044,19.4699,109.11,2003.84,0.975396,776.683,0.378062,3.64429e+06,3.64429e+06,3.64277e+06,1523.59,0.999582,1773.91,0.00655842,0.466367,0.38434,1.00798,0.0391572,0.0422881,0.925961
46179711B92366752825200,Beheira Governorate,10941.9,12802,44104.4,37592.1,4.03077,3.44512,1.6931,7.74145,109.11,7625.54,0.69691,708.977,0.0647945,5.39883e+06,5.39881e+06,5.37741e+06,21401.2,0.996036,493.407,0.00816926,0.660609,0.57095,1.83969,0.0722571,0.0626476,1.15339
46179711B66630674459803,Cairo Governorate,2992.37,3478,56680.3,48742.9,18.9416,16.2968,1.09958,69.8678,109.11,1708.18,0.570846,819.52,0.27387,7.47511e+06,7.4751e+06,7.4114e+06,63698.2,0.991479,2498.06,0.00758253,0.789017,0.152202,1.8443,0.0928604,0.0867406,1.07055
46179711B47059775380229,Qalyubia Governorate,1177.56,1373,31171.1,26747.8,26.4709,22.7029,13.9156,54.4847,109.11,1162.97,0.987609,820.922,0.697136,5.91822e+06,5.91822e+06,5.91428e+06,3938.84,0.999334,5025.82,0.00526698,0.468331,0.390895,1.01937,0.0510683,0.0686746,0.743627
46179711B98212466425872,Dakahlia Governorate,4259.91,5008,34537.3,29399.6,8.10753,6.89643,3.94576,16.0899,109.11,3781.23,0.887633,835.352,0.196096,6.31026e+06,6.31025e+06,6.30431e+06,5933.45,0.99906,1481.31,0.0054732,0.568248,0.50259,1.37128,0.0565832,0.0732238,0.772743
46179711B66765744751824,Damietta Governorate,1012.97,1194,9022.67,7653.27,8.90714,7.55668,4.1049,16.1759,95.6912,909.566,0.897919,199.334,0.196782,1.44656e+06,1.44656e+06,1.43622e+06,10337,0.992854,1428.04,0.00623732,0.594083,0.505761,1.47681,0.014782,0.0167858,0.880626
46179711B94393740490008,Kafr el-Sheikh Governorate,4205.19,4955,18887.5,16041.2,4.49146,3.8118,2.38939,7.46488,107.769,3672.29,0.873276,262.482,0.0624186,3.57814e+06,3.57814e+06,3.54398e+06,34155,0.990455,850.886,0.00527857,0.560836,0.596611,1.60427,0.0309437,0.0415205,0.745264
46179711B71025405794943,Port Said Governorate,1403.86,1650,4493.4,3818.58,3.20074,2.72327,0.497868,2.98037,109.11,813.525,0.57949,54.3785,0.0387349,665843,665759,658031,7727.62,0.988393,474.294,0.00674844,0.867785,0.226787,4.19172,0.00736162,0.0077264,0.952789
46179711B99510320348427,Al Sharqia Governorate,4773.59,5586,40374.4,34512.6,8.45787,7.22778,5.03035,15.4702,109.11,4527.82,0.948516,1110.73,0.232682,5.80627e+06,5.80626e+06,5.797e+06,9265.53,0.998404,1216.33,0.00695359,0.514644,0.499909,1.16535,0.0661461,0.0673755,0.981753
